"chr","pos","RSID","ref","alt","21934","17119","16870","18961","16532","17670","16257","19036","15782","17804","13137","14410","14623","17843","13526","19558","16755","18682","17198","20579","16759","18804","13152","21171","21203","20417","12858","8464","21477","20418","23511","620","22287","20772","20179","814","22376","5206","20180","5455","22425","21169","20182","12691","23141","5410","20411","5654","10169","24306","23750","5475","24305","24043","6554","5476","6450","24044","22585","8787","16046","24191","3766","23743","5753","24245","22732","23747","3661","24249","22743","2990","10807","4209","5637","16446","11202","19007","18486","17191","17238","19239","18649","17537","17400","19530","18660","18020","7277","5722","19442","18672","10711","20800","13877","15033","16589","3649","19831","3650","18575","20735","19924","10862","13188","21047","5657","20455","20737","18335","12189","11063","9325","16574","6189","15777","17490","22993","2608","7893","20746","22994","20028","2996","21023","9073","2763","4269","2603","20173","21293","1633","5434","18271","7554","23134","20276","19962","21415","5110","2412","5667","19466","1684","17388","3214","19658","7648","17454","15631","19834","6615","17585","20189","8482","18084","21690","20674","8602","4286","21794","5222","25989","23291","18443","5499","17292","7506","23995","7747","22869","25561","9165","10516","13398","13042","13545","9023","4307","13772","13399","9498","338","13761","10681","19054","25936","17814","23820","18550","19053","26560","3899","26769","21988","25781","10713","443","12669","21925","12758","7649","25880","8865","5752","26127","2806","5402","22365","23468","22556","9111","23169","10193","18622","27205","14974","8675","17823","10619","24624","23429","14206","21739","23878","26722","5750","6319","5320","30363","30376","26326","16626","26460","24530","26595","24533","353","25820","27643","16864","28908","29261","29317","26770","23591","22473","20470","27183","23745","16348","27303","28741","27315","1896","27902","28824","27416","22128","9075","27078","3453","26063","17015","23216","27564","7341","17613","28652","6314","27751","28658","7615","27804","17599","13274","11268","28172","343","29002","20306","28440","18683","821","5870","28536","7440","17461","21195","5700","19827","21487","23128","24363","19881","26306","24670","2384","18694","496","24811","406","3224","29496","431","21420","14658","11026","26097","18474","12465","29720","3388","25163","22860","27277","2991","26772","23105","16847","2592","27111","23095","4035","30384","26958","9946","27893","18224","27209","8653","7759","11007","6074","23069","26239","17729","19038","24656","26330","20921","18400","17226","24061","24095","12868","26910","23514","22533","21187","12693","22536","18398","12718","26625","6847","7090","7028","252","525","281","8071","6741","2017","3250","6250","3129","7073","9808","19258","3752","5449","526","10790","735","3232","405"
1,24871095,"rs4649032","C","T","1|1","1|1","1|1","1|0","1|0","0|1","0|0","0|0","0|0","0|0","1|0","1|0","0|0","0|1","0|0","1|0","0|1","1|0","0|0","1|1","1|1","1|0","0|1","0|1","1|0","0|0","1|1","1|0","1|1","0|0","1|1","0|1","1|1","0|0","1|0","1|0","0|0","0|0","1|0","1|0","0|0","0|0","0|0","0|0","1|0","0|0","0|0","0|0","0|0","0|0","0|1","0|0","1|0","0|1","1|0","1|1","1|0","0|1","1|0","0|0","1|1","1|1","0|0","1|1","1|1","0|1","1|0","0|1","1|1","1|0","1|1","0|0","1|1","1|0","1|0","1|1","0|0","0|1","1|1","0|0","1|1","0|1","0|1","1|0","1|0","0|1","0|0","0|0","1|0","1|0","0|0","1|1","0|1","0|1","1|0","0|0","1|1","1|1","0|1","1|1","1|1","0|0","0|1","0|0","1|1","0|0","0|1","1|0","1|1","1|0","1|1","1|1","1|0","0|1","0|0","1|1","1|1","1|1","0|0","0|0","1|0","0|0","1|1","1|0","1|0","0|0","0|1","0|1","1|0","0|0","0|1","0|0","0|1","1|1","1|0","0|0","1|0","0|0","0|0","0|0","1|0","1|1","1|1","1|1","0|0","1|0","1|0","0|0","0|1","0|0","1|1","1|0","0|0","0|0","1|0","0|0","0|0","1|1","0|1","0|1","0|0","1|0","1|0","0|0","1|1","1|1","0|1","1|1","0|1","1|1","0|1","0|1","1|0","1|1","1|0","0|1","1|1","1|1","0|0","0|0","1|1","0|1","0|1","0|0","0|1","1|0","0|0","1|1","0|1","0|1","0|0","1|0","1|1","0|1","0|0","0|1","0|1","1|1","0|0","0|0","1|1","0|0","1|0","1|0","1|1","1|1","0|0","0|1","0|1","0|1","0|1","0|1","1|1","1|1","0|0","0|1","1|0","0|1","0|0","0|1","0|0","1|0","1|0","1|0","0|1","1|1","0|0","0|1","1|0","0|0","1|0","0|0","1|0","1|0","0|1","0|1","0|0","1|1","1|0","0|0","1|1","0|0","1|1","1|0","1|0","0|1","0|1","0|1","1|1","0|1","1|1","0|1","0|1","0|0","1|1","1|1","0|1","0|0","1|1","1|1","0|0","1|0","1|1","1|0","0|1","0|0","1|0","1|0","0|0","0|0","0|1","1|1","1|1","0|0","0|0","0|0","0|0","0|0","0|1","0|0","0|0","0|1","0|0","0|1","1|0","0|0","0|0","0|0","0|1","1|1","1|0","1|0","1|1","0|0","1|0","1|0","1|0","0|0","0|1","0|0","0|0","0|0","1|0","0|1","1|0","0|0","0|1","1|1","1|0","1|0","1|0","0|1","0|0","1|0","1|1","1|1","0|1","1|1","0|1","0|0","1|0","1|0","0|1","1|0","0|0","1|1","1|0","1|1","1|0","0|0","0|0","1|1","0|1","0|0","1|0","0|1","0|1","0|1","1|0","0|0","1|1","1|1","1|1","1|0","1|1","0|0","1|0","1|1","0|0","0|0","1|1","1|1","1|1","0|0","0|0","1|0","1|0","1|1","0|0","0|0","0|0","0|1","0|1","0|0","0|1","1|1","1|1","0|1","0|1","1|1","1|1","1|1","1|1","0|1","0|1","0|0","0|0"
1,161509955,"rs1801274","A","G","1|1","1|1","1|0","0|0","0|1","1|1","1|0","0|1","0|0","0|1","1|1","0|1","0|0","0|1","0|0","0|1","0|0","0|1","0|0","0|0","0|0","0|0","1|0","1|0","0|0","0|0","1|1","0|1","1|1","0|1","1|0","1|0","1|0","1|1","0|0","1|1","0|1","0|0","0|1","0|0","0|0","1|0","1|0","0|1","0|0","1|1","1|1","0|0","1|0","0|0","1|1","0|0","0|0","0|1","1|1","0|1","0|1","0|0","0|0","1|1","1|1","1|1","0|1","0|1","0|1","1|1","0|1","1|1","1|0","1|0","0|1","0|0","0|0","0|1","0|1","0|0","1|1","1|1","1|1","1|1","0|0","1|0","0|1","0|1","0|1","0|1","0|1","1|1","0|0","1|0","0|0","0|0","1|0","1|1","0|1","1|1","1|1","0|1","0|0","0|1","0|1","0|1","1|0","0|0","1|0","0|1","1|0","1|0","1|0","1|0","0|0","0|0","0|1","0|0","0|1","1|1","0|0","0|1","1|0","1|0","0|0","1|1","0|0","1|0","1|0","0|0","0|1","1|0","1|0","1|1","1|0","0|1","0|0","0|0","0|1","0|1","0|0","0|0","1|1","0|1","0|1","0|1","1|1","0|1","0|1","1|1","0|1","1|0","0|0","0|1","0|1","1|1","0|0","1|1","0|1","1|1","0|0","0|1","0|0","1|0","0|0","1|1","1|0","1|1","1|0","0|1","0|0","1|1","1|1","0|0","0|0","1|0","0|0","1|0","0|0","0|1","1|1","0|1","1|0","0|1","0|1","0|1","1|1","1|0","1|0","1|0","0|0","0|0","0|0","1|0","0|1","1|0","1|1","0|1","1|1","0|0","1|1","1|0","1|1","0|0","1|1","1|0","1|0","1|0","1|1","0|0","1|1","1|1","1|1","1|0","1|0","0|1","1|1","0|1","1|1","0|0","1|1","1|0","0|1","0|1","0|0","1|0","0|0","0|1","1|0","1|1","1|1","1|0","1|0","0|1","0|0","1|1","1|0","1|0","0|0","0|1","1|1","1|0","0|1","1|1","1|0","1|0","1|1","0|0","1|0","1|1","0|0","0|0","0|1","1|1","0|1","1|1","1|1","1|0","0|1","1|1","1|0","0|1","0|0","1|0","1|0","1|0","1|0","0|1","1|1","0|0","1|1","1|1","1|0","1|0","1|0","0|1","1|0","1|0","1|1","0|0","0|1","0|0","0|0","0|0","1|0","0|0","0|0","1|1","0|1","1|0","1|0","0|1","1|0","1|0","0|0","1|1","1|0","1|1","1|0","0|1","1|1","0|1","1|0","0|1","1|0","1|0","0|1","0|0","1|0","0|0","1|1","0|1","0|0","1|0","1|1","1|0","1|0","0|0","0|0","1|0","1|0","1|1","0|1","0|0","0|0","0|0","0|1","1|1","0|1","0|1","1|0","1|1","0|1","1|1","0|0","0|0","1|1","0|0","1|0","0|0","1|1","1|0","1|0","0|1","0|0","1|1","1|0","1|1","1|1","0|1","1|0","0|1","1|1","1|0","1|0","0|1","1|1","1|1","1|0","0|1","0|0","1|0","0|1","0|0","1|1","0|1","1|0","1|1","0|1","1|0","0|0","1|0","0|1","1|1","0|0","0|1","1|0","0|0","1|1","1|1","0|0"
1,173250332,"rs1012507","G","T","0|1","0|0","0|1","1|0","1|0","0|0","0|1","0|1","0|0","0|0","0|1","0|0","0|1","0|0","0|0","0|0","0|0","1|0","0|0","1|0","1|0","0|1","0|0","0|1","0|0","0|0","1|0","1|1","1|0","1|0","0|0","1|0","0|0","0|0","0|0","0|1","0|0","0|0","0|1","1|0","0|0","0|0","0|1","0|1","1|1","0|1","1|1","0|1","0|0","1|0","0|0","0|0","0|0","0|0","1|0","1|1","0|0","1|1","1|0","0|1","0|0","0|0","0|1","0|0","1|1","0|0","0|0","1|0","0|0","0|0","1|0","1|1","0|1","0|0","0|0","0|0","1|1","0|1","1|0","0|0","0|1","0|0","0|1","1|0","1|1","1|0","0|0","0|1","1|0","1|0","0|1","1|0","0|1","1|1","1|0","0|1","1|1","1|0","1|0","0|1","0|0","1|0","1|0","0|1","0|0","1|1","0|0","1|1","1|0","0|1","0|0","0|0","0|0","1|0","1|0","0|0","0|0","1|0","0|0","0|0","0|1","0|1","0|0","0|1","0|0","0|1","0|0","0|1","0|0","0|0","0|1","0|1","0|1","0|0","0|0","1|0","1|0","0|0","0|1","0|1","1|1","1|1","0|0","1|1","0|0","0|1","0|0","1|0","0|0","0|1","1|1","0|0","1|1","0|1","0|0","1|0","1|1","0|0","0|0","0|1","1|0","0|1","0|0","0|1","0|1","0|0","1|0","0|1","0|1","0|0","0|1","0|1","1|0","1|0","1|0","0|0","1|0","0|0","1|0","0|1","0|0","0|0","0|1","0|1","0|0","1|0","0|0","0|1","1|0","1|0","1|1","1|0","1|1","1|0","1|1","0|0","0|0","1|1","0|1","0|0","1|1","0|0","1|0","1|0","1|1","1|1","0|1","0|0","0|0","0|0","1|1","1|0","1|0","1|0","1|1","0|0","1|1","1|0","0|0","0|0","0|0","0|0","0|1","0|1","1|0","1|0","1|1","1|0","0|0","0|0","0|0","0|1","0|1","0|0","0|1","0|1","1|1","1|0","1|0","0|1","1|1","0|0","0|1","1|0","0|0","0|0","0|1","1|1","0|0","1|1","1|1","0|0","1|0","0|1","1|0","0|0","0|0","0|0","1|1","0|1","1|1","0|0","0|0","1|0","0|0","1|0","0|0","1|0","1|0","0|0","0|1","0|0","0|1","0|0","1|0","1|0","0|0","0|0","0|1","1|0","1|0","0|0","0|0","0|1","0|0","1|0","0|1","0|0","0|0","0|0","1|1","0|0","1|1","0|0","1|0","1|0","0|0","1|0","0|0","0|0","0|1","0|0","0|1","0|1","1|0","0|0","1|1","0|0","1|1","0|1","1|1","1|1","0|0","0|0","0|0","1|1","0|0","0|0","0|0","1|0","1|0","0|0","1|1","1|0","1|0","0|1","0|1","0|0","0|0","0|1","0|1","0|0","1|0","0|1","0|0","0|1","0|0","1|0","0|1","0|0","1|0","0|0","1|1","0|0","1|0","0|0","0|0","0|0","0|1","0|0","0|1","1|0","0|0","0|0","1|1","0|0","1|0","0|1","1|0","1|1","0|0","0|1","0|0","0|0","0|1","0|0","1|0","0|0","0|0","0|1","1|1","0|0","1|0","1|1","1|1","1|1","1|0"
1,198738388,"rs113752715","T","G","1|0","0|1","1|0","0|0","0|0","0|0","0|0","0|0","0|0","0|0","0|0","0|0","0|0","0|0","0|0","0|0","0|0","0|0","0|0","0|0","0|0","0|0","0|0","0|0","0|0","0|0","1|0","0|0","0|0","0|0","0|0","0|0","0|0","0|1","0|0","0|0","0|0","0|0","1|1","0|0","0|0","1|0","0|0","0|0","0|0","0|0","0|1","0|0","0|0","0|0","0|0","0|0","0|0","0|0","0|0","0|0","0|0","0|0","0|0","0|1","0|0","0|1","1|0","0|0","0|0","0|0","0|0","0|0","0|0","0|0","0|0","0|0","0|0","0|0","0|0","0|0","0|0","0|0","0|0","1|0","0|0","1|0","0|0","0|0","0|0","0|0","0|0","0|0","0|0","0|0","0|0","0|0","0|0","0|0","0|0","0|0","0|0","0|0","0|0","0|0","0|0","0|0","0|0","0|0","0|0","0|0","0|0","1|0","0|0","0|0","0|0","0|0","0|0","0|0","0|0","0|0","0|0","0|0","0|0","0|0","0|0","0|0","0|0","0|0","0|0","0|0","0|0","0|0","0|0","1|0","0|1","0|0","0|0","0|0","0|0","0|0","0|1","0|0","0|0","0|0","0|0","0|0","0|0","0|0","0|0","0|0","0|0","0|0","0|0","0|0","0|0","0|0","0|0","0|0","1|0","0|0","0|0","0|0","0|0","0|0","1|0","0|1","0|1","0|0","0|0","0|0","0|0","0|0","0|0","0|0","0|0","0|0","0|0","0|0","0|0","0|0","0|0","0|0","0|1","1|0","0|0","0|0","0|0","1|0","0|0","0|0","0|0","0|0","0|0","0|1","0|0","0|0","0|0","0|0","0|0","0|0","0|0","0|0","0|0","0|0","0|0","0|0","0|0","0|0","0|0","0|0","0|0","0|0","0|0","0|0","0|0","0|1","0|0","0|1","0|0","0|0","0|0","0|0","0|0","0|0","0|0","0|0","0|0","1|0","0|0","0|0","0|0","0|0","0|0","0|0","0|1","0|0","0|0","0|0","0|0","0|0","0|0","0|0","0|0","0|0","0|0","0|0","0|0","0|0","0|0","0|0","0|0","0|0","0|1","0|0","0|0","0|0","0|0","0|1","0|0","0|0","0|0","0|0","0|0","0|0","0|0","0|0","0|0","0|0","0|0","0|0","0|0","0|0","0|0","0|0","0|0","0|0","0|0","0|0","0|0","0|0","0|0","0|0","0|0","1|0","1|0","0|0","0|0","0|0","0|0","0|0","0|0","0|0","0|0","0|0","0|0","0|0","0|1","0|0","0|0","0|0","0|1","0|0","0|0","0|0","0|0","0|0","0|1","0|1","0|0","0|0","0|0","0|0","0|0","0|0","0|0","0|0","0|1","1|0","0|0","0|0","0|0","0|0","0|0","0|0","0|0","0|0","0|0","0|0","0|0","0|0","0|0","0|0","0|0","0|0","0|0","0|0","0|0","0|0","0|0","0|0","0|0","0|0","0|0","0|0","0|0","0|0","0|0","0|0","0|0","0|0","0|0","1|0","0|0","0|0","0|1","0|0","0|0","0|0","0|0","0|0","0|0","0|0","0|0","0|0","0|1","0|0","0|0","0|0","0|0","0|0","0|0","0|0","0|0","0|1","0|0","1|0","0|0","0|0","0|1","0|0","0|0"
2,203721233,"rs55730955","T","A","0|0","0|0","0|0","1|0","0|0","0|0","0|0","0|0","0|0","0|0","0|0","0|0","0|0","0|0","0|0","0|0","1|0","0|0","0|0","0|0","0|0","1|1","0|0","0|0","0|0","0|0","0|0","0|0","0|0","0|0","0|0","0|0","1|0","0|0","0|0","0|0","0|0","0|0","0|0","0|0","0|0","0|0","0|0","0|0","0|0","0|0","0|0","0|1","0|0","0|0","0|0","0|0","0|0","0|0","0|0","0|0","0|0","0|0","0|0","0|0","0|0","0|0","0|0","0|0","0|0","0|0","0|0","0|0","0|0","0|0","0|0","0|0","0|0","0|0","0|0","0|0","0|1","0|0","1|0","0|1","0|0","0|1","0|0","0|0","0|0","0|0","0|0","0|0","0|0","0|0","0|0","0|0","0|0","0|0","0|0","0|0","0|0","0|0","0|0","0|0","0|0","0|0","0|0","0|0","0|0","0|0","0|0","0|0","0|0","0|0","0|0","0|0","0|0","0|0","0|0","0|0","0|0","0|0","0|0","1|0","0|0","0|0","0|0","0|1","0|0","0|0","0|0","0|0","0|0","0|0","0|0","0|0","1|0","0|0","0|0","0|0","0|0","0|0","0|0","0|0","0|0","0|0","0|0","0|0","0|0","0|0","0|0","0|0","0|0","0|0","0|0","0|0","0|0","0|0","0|0","0|0","0|0","0|0","0|0","0|0","0|0","0|0","0|0","0|0","1|0","0|0","0|0","0|0","0|0","0|0","0|0","0|0","0|0","0|0","0|0","0|0","0|0","0|0","0|0","0|0","0|0","0|0","0|0","0|0","0|0","1|1","0|1","0|0","0|0","0|0","0|0","0|0","0|0","0|0","1|0","0|0","0|0","0|0","0|0","0|1","0|0","0|0","0|0","0|0","1|0","0|0","1|0","0|0","0|0","0|0","0|0","0|0","0|0","1|0","0|0","0|0","0|0","0|0","0|0","0|1","0|0","0|0","0|0","0|0","0|0","0|0","0|1","0|0","0|0","0|0","0|0","0|0","0|0","1|0","0|0","0|0","0|0","0|0","0|0","0|0","0|0","0|0","0|0","0|0","0|0","0|0","0|0","0|0","0|0","0|0","0|0","0|0","0|0","0|0","0|0","0|0","0|0","0|0","0|0","0|0","0|0","1|0","0|0","0|0","0|0","0|0","0|0","0|0","0|0","0|0","0|0","0|0","0|0","0|0","0|0","0|0","0|0","0|0","0|0","0|0","0|0","0|0","0|0","0|0","0|0","0|0","0|0","0|0","0|0","0|0","0|0","1|0","0|0","0|0","0|0","0|0","0|1","0|0","0|0","0|0","0|0","0|0","0|0","0|0","0|0","0|0","0|0","0|0","0|0","0|0","0|0","0|0","0|0","0|0","0|0","0|1","0|1","0|0","1|0","0|0","1|0","0|0","0|0","0|0","0|0","0|0","0|0","0|0","0|0","0|0","0|0","0|0","0|0","0|0","0|0","0|1","0|1","0|0","0|0","0|0","0|0","0|0","0|0","0|0","0|0","0|0","0|0","0|0","0|0","1|0","0|0","0|0","0|0","0|0","0|0","0|0","0|0","0|0","1|0","0|0","0|0","0|0","0|1","0|0","0|0","0|0","0|0","1|0","0|0","0|0","1|0","0|0","0|0","0|0","0|0","0|1","1|0"
3,56578571,"rs190705792","G","T","0|0","0|0","0|0","0|0","0|0","0|0","0|0","0|0","0|0","0|0","0|0","0|0","0|0","0|0","0|0","0|0","0|0","0|0","0|0","0|0","0|0","0|0","1|0","0|0","0|0","0|0","0|0","0|0","0|0","0|0","0|0","0|0","0|0","0|0","0|0","0|0","0|1","0|0","0|0","0|0","0|0","0|0","0|0","0|0","0|0","0|0","0|0","0|0","0|0","0|0","0|0","0|0","0|0","0|0","0|0","0|0","0|0","0|0","0|0","0|0","0|0","0|0","0|0","0|0","0|0","0|0","0|0","0|0","0|0","0|0","0|0","0|0","0|0","0|0","0|0","0|0","0|0","0|0","0|0","0|0","0|0","0|0","0|0","0|0","0|0","0|0","0|0","0|0","0|0","0|0","0|0","0|1","0|0","0|0","0|0","0|0","0|0","0|0","0|0","0|0","0|0","0|0","0|0","0|0","0|0","0|0","0|0","0|0","0|0","0|0","0|0","0|0","0|0","0|0","0|0","0|0","0|0","0|0","0|0","0|0","0|1","0|0","0|0","0|0","0|0","0|0","0|0","0|0","0|0","0|0","0|0","0|0","0|0","0|0","0|0","0|0","0|0","0|0","0|0","0|0","0|0","0|0","0|0","0|0","0|0","0|0","1|0","0|0","0|0","0|0","0|0","1|0","0|0","0|0","0|0","0|0","0|0","0|1","0|0","1|0","0|0","0|0","0|0","0|0","0|0","0|0","0|0","1|0","0|0","0|0","0|0","0|0","0|0","0|0","0|0","0|0","0|0","0|0","0|0","0|0","0|0","0|0","0|0","0|0","0|0","0|0","0|0","0|0","0|0","0|0","0|0","0|0","0|0","0|0","0|0","0|0","0|0","0|0","0|0","0|0","0|0","0|0","0|0","0|0","0|0","0|0","0|0","0|0","0|0","0|0","0|0","1|0","0|0","0|0","1|0","0|0","0|0","0|0","0|0","0|0","0|0","0|0","0|0","0|0","0|0","0|0","0|0","0|0","0|0","0|0","0|0","0|0","0|0","0|0","0|0","0|0","0|0","0|0","0|0","0|0","0|0","1|0","0|0","0|0","0|0","0|0","0|0","0|0","0|0","0|0","0|0","0|0","0|0","0|0","0|0","0|0","0|0","0|0","0|0","0|0","0|0","0|0","0|0","0|0","0|0","0|0","0|0","0|0","0|1","0|0","0|0","0|0","0|0","0|0","0|0","0|0","0|0","0|0","0|0","0|0","0|0","0|0","0|0","0|0","0|0","0|0","0|0","0|0","0|0","1|0","0|0","0|0","0|0","0|0","0|0","0|0","0|0","0|0","0|0","0|0","0|0","0|0","0|0","0|0","0|0","0|0","0|0","0|0","0|0","0|0","0|0","0|0","0|0","1|0","0|0","0|0","0|0","0|0","0|0","0|0","0|0","0|0","0|0","0|0","0|0","0|0","0|0","0|1","0|0","0|0","0|0","0|0","0|0","0|0","0|0","0|0","0|0","0|0","0|0","0|0","0|0","0|0","0|0","0|0","0|0","0|0","0|0","0|0","0|0","0|0","0|0","0|0","0|0","0|0","0|0","0|0","0|1","0|0","0|0","0|0","0|0","0|0","0|0","0|0","0|0","0|0","0|0","0|0","0|0","0|0","0|0","0|0","0|0","0|0","0|0","0|0","0|0"
3,124510192,"rs530462","T","C","1|1","1|1","0|0","1|1","1|0","1|0","1|1","1|1","1|1","1|1","1|1","1|1","1|1","1|0","1|1","1|1","1|0","1|1","0|1","0|0","1|1","1|1","1|1","0|1","1|1","0|1","0|1","1|1","1|1","1|1","1|0","1|1","1|0","1|1","0|0","1|1","1|1","0|0","1|1","0|0","1|1","0|1","1|0","1|0","1|1","1|1","1|1","1|0","1|0","0|1","1|1","1|0","1|0","1|1","1|1","1|1","1|1","1|1","0|1","1|0","0|0","0|1","1|1","1|1","0|0","1|1","1|1","1|1","0|1","1|1","0|1","1|1","1|1","1|1","1|0","1|1","1|1","0|1","1|1","1|1","1|1","1|1","1|1","1|1","1|1","1|1","1|1","1|1","0|1","0|1","1|1","0|0","1|1","0|1","1|1","1|1","1|1","1|0","1|1","1|0","1|0","1|1","1|0","1|1","1|1","1|0","1|1","1|1","1|1","1|1","1|1","1|1","0|0","0|1","1|1","1|1","1|1","1|1","1|1","1|1","1|1","0|1","1|1","1|0","1|1","1|1","1|1","1|1","0|0","0|1","1|0","1|0","1|0","1|1","0|1","1|1","1|1","0|1","0|0","1|1","1|1","1|1","1|1","1|0","1|0","1|1","1|1","1|1","1|1","1|1","1|0","1|0","1|1","0|0","0|1","1|1","0|1","1|1","1|1","1|1","1|1","0|1","1|1","1|1","1|1","1|1","1|1","1|0","1|1","1|1","1|1","1|1","1|1","1|0","1|0","1|1","1|1","1|1","1|1","1|1","1|1","0|1","0|0","1|1","1|0","1|1","0|1","1|1","1|0","1|0","1|1","0|1","1|1","1|1","0|1","1|1","0|0","1|0","0|1","1|0","1|1","0|0","1|1","1|1","0|1","1|1","0|1","1|1","1|1","1|1","1|0","1|0","1|1","1|1","1|1","0|1","1|1","1|0","1|1","1|1","0|1","0|1","0|1","0|1","1|1","1|1","1|1","1|1","1|0","1|1","0|1","1|0","1|0","1|0","1|1","1|1","0|0","0|0","1|0","1|0","0|1","1|1","1|1","1|0","1|0","0|1","1|1","0|1","1|1","1|1","0|1","1|1","1|1","1|0","1|1","1|0","1|1","1|0","1|1","1|1","1|0","1|1","1|1","1|0","1|1","1|0","0|1","1|0","1|1","1|1","0|1","1|1","1|1","1|1","0|1","1|1","0|1","0|1","1|1","1|1","0|1","1|0","0|1","1|1","1|1","1|1","1|1","0|1","1|1","1|1","1|1","1|1","1|1","1|1","1|1","0|0","1|1","0|0","0|1","0|1","1|1","1|0","1|0","1|1","1|1","1|1","1|1","1|1","1|1","1|1","1|1","1|1","1|0","1|1","1|1","0|1","0|1","0|0","0|1","1|0","0|1","1|1","1|1","1|1","1|1","1|1","1|1","1|1","1|1","0|0","0|1","1|1","1|1","1|0","0|0","1|1","0|1","0|0","1|1","1|1","1|0","1|0","1|1","1|1","1|1","1|0","1|0","1|1","0|1","1|1","1|1","1|1","0|1","1|1","1|1","1|1","0|1","1|1","1|1","1|1","1|1","0|1","1|1","1|1","1|1","1|1","1|0","1|1","0|1","1|1","0|1","0|0","0|1","0|1","1|0","1|0","1|0"
4,74763902,"rs59882675","A","G","0|0","0|0","0|0","0|0","0|0","1|1","0|0","0|0","1|1","0|0","0|0","0|1","0|0","0|0","0|0","0|0","0|0","0|0","0|0","0|0","0|0","0|0","0|0","0|0","0|0","0|0","0|0","0|0","1|0","0|1","0|1","0|1","0|0","0|0","0|0","0|0","0|1","0|0","0|0","0|0","0|1","0|0","0|0","0|0","1|1","0|0","0|1","1|1","1|1","0|0","0|0","0|1","1|0","0|1","1|0","1|0","0|0","0|0","0|1","0|1","0|1","0|0","0|0","0|0","0|0","0|0","0|0","0|0","0|0","1|0","1|0","0|0","0|0","0|0","0|0","0|0","0|1","0|0","1|0","0|0","1|1","0|1","0|0","0|0","0|0","0|1","1|0","0|0","0|0","1|0","0|0","0|0","0|0","0|1","0|0","1|0","0|0","0|1","1|0","0|0","0|0","0|1","0|0","0|0","0|0","0|0","0|0","1|0","0|0","0|0","0|0","0|0","0|0","0|0","0|0","0|0","1|1","0|0","0|0","0|1","1|0","0|0","1|0","0|0","0|1","0|0","0|0","0|1","1|1","0|0","0|1","0|0","0|1","1|0","0|0","0|0","0|0","0|1","1|0","0|0","0|0","0|0","1|0","0|0","0|1","0|0","0|0","0|0","0|0","0|0","0|0","0|0","0|0","0|0","0|1","0|0","0|0","0|0","0|0","0|0","0|0","0|0","0|0","0|0","0|0","0|0","0|0","0|0","0|0","0|0","0|0","1|1","0|0","0|1","0|0","0|0","0|0","0|0","1|0","0|0","0|1","1|0","1|0","0|0","1|1","0|0","1|1","0|0","1|1","1|0","0|0","0|0","0|1","1|0","1|1","0|0","1|1","0|0","1|0","0|0","1|0","0|0","0|0","0|0","0|0","0|0","0|0","1|0","0|0","1|0","0|1","0|0","0|0","1|0","0|0","0|0","0|0","0|0","1|0","0|0","1|0","0|0","0|0","1|0","1|0","0|1","0|0","0|0","0|0","1|0","0|0","0|0","0|0","1|0","0|0","0|0","0|0","1|1","0|0","0|0","0|0","0|0","0|0","0|0","0|0","0|0","0|0","0|0","0|0","0|0","0|0","0|0","0|0","1|0","0|0","0|0","0|0","0|0","0|0","0|0","0|0","0|0","0|0","0|0","0|1","0|1","0|1","0|0","0|0","1|0","0|1","1|1","0|0","0|0","0|0","0|0","1|0","0|0","0|0","1|0","0|0","0|1","0|0","0|0","0|0","0|0","1|0","0|0","0|0","0|0","0|1","1|0","0|0","0|0","0|0","1|0","1|0","0|0","0|0","0|0","0|0","0|1","1|1","0|0","1|0","0|0","0|0","0|0","0|0","0|0","0|0","0|0","1|0","0|0","0|1","0|1","0|1","0|0","0|1","0|1","0|0","0|0","0|1","0|1","1|0","0|0","1|0","0|0","1|1","0|1","0|1","0|1","1|0","1|0","1|0","0|0","0|1","0|0","0|0","1|1","0|0","0|0","0|0","0|0","0|0","1|0","0|0","1|1","1|0","0|0","1|0","0|0","0|0","0|0","0|1","0|0","1|0","0|1","0|0","0|0","0|0","0|0","0|0","0|0","1|0","0|0","1|1","0|0","1|1","1|0","0|0","0|1","0|0","1|0","0|0","0|0","0|0"
4,75025495,"rs10518133","G","A","0|0","0|0","0|0","1|0","0|0","0|0","0|0","0|0","0|0","0|0","0|0","0|0","0|0","0|0","1|0","0|0","1|0","0|0","0|0","0|0","1|0","0|0","0|0","0|0","0|0","1|0","0|1","0|0","0|0","0|0","0|0","0|1","0|0","0|0","0|0","1|0","0|0","0|0","0|0","0|0","0|0","0|0","0|1","1|1","0|0","0|0","0|0","0|0","0|0","1|0","0|0","0|0","0|0","0|0","0|0","1|0","0|0","0|0","0|1","0|0","0|0","0|0","1|0","0|0","0|0","0|0","0|0","1|0","0|0","1|0","0|0","0|0","0|0","0|0","0|0","0|0","0|0","0|0","0|0","0|0","0|0","0|0","0|0","0|0","0|0","0|0","0|0","0|0","0|0","1|0","0|0","0|0","0|0","0|0","0|1","0|0","0|0","0|0","0|0","0|0","0|0","0|0","0|0","0|0","1|0","0|0","0|0","0|0","0|0","0|0","0|0","0|0","0|0","0|0","0|0","0|0","0|0","0|0","1|0","0|0","0|0","0|0","0|1","0|0","0|0","0|0","0|0","0|0","0|0","0|0","0|0","0|1","0|0","0|0","0|0","0|0","0|0","0|0","0|0","0|0","0|0","0|0","0|0","0|0","0|0","1|1","0|0","0|0","0|0","0|0","0|0","0|0","0|0","0|0","0|0","0|0","0|0","0|0","0|0","0|0","0|0","0|1","1|0","0|0","0|0","0|0","0|0","0|0","0|1","0|0","0|0","0|0","0|0","0|0","0|0","0|0","0|0","1|0","0|0","0|0","0|0","0|0","0|0","0|0","0|0","0|0","0|1","0|0","0|0","0|0","0|0","0|0","0|0","1|1","0|0","0|0","0|0","0|0","0|0","0|0","0|1","0|0","0|0","0|0","0|0","0|0","0|1","0|0","0|0","0|0","0|0","0|0","0|1","0|0","0|0","0|0","0|0","0|0","0|0","0|0","0|0","0|0","0|0","0|0","0|0","0|0","0|0","0|0","0|1","0|0","0|0","0|1","0|0","0|0","0|0","0|0","0|0","0|0","0|1","0|0","0|0","0|0","0|0","0|0","0|0","0|1","0|0","0|0","0|0","0|0","0|0","0|0","0|0","0|0","0|0","0|0","0|0","0|0","0|1","0|0","0|0","0|0","1|0","0|0","0|0","0|0","0|0","0|0","0|0","0|0","0|0","0|0","0|0","1|0","0|0","0|0","0|1","0|0","0|0","1|0","0|0","0|0","0|0","0|0","0|0","0|0","0|0","0|0","0|0","0|0","0|0","0|0","0|0","0|0","0|0","1|0","0|0","0|0","0|0","0|0","0|0","1|0","0|0","0|0","0|0","0|0","0|0","0|0","0|0","0|0","1|0","0|0","0|0","0|0","0|1","0|0","0|0","0|0","1|1","0|0","0|0","0|0","0|0","0|0","0|0","0|0","0|0","0|0","0|1","0|1","0|0","1|0","1|0","0|0","0|0","0|0","1|1","0|0","0|0","0|0","0|0","0|0","0|0","0|1","1|0","0|0","0|0","1|0","0|0","0|0","0|0","0|0","0|0","0|0","0|0","0|0","0|1","0|0","0|0","0|0","0|0","0|0","0|0","0|0","0|1","0|0","0|0","0|0","0|0","0|0","0|0","1|0","0|0","0|0","0|0","0|1","1|0"
6,29016846,"rs115180879","C","T","0|0","0|0","0|0","0|0","0|0","0|0","0|0","0|0","0|0","0|0","0|0","0|0","0|0","1|0","0|0","0|0","0|1","0|0","1|0","0|0","0|0","0|0","0|0","0|0","0|0","0|0","0|0","0|0","0|0","1|0","0|0","0|0","0|0","0|0","0|0","0|0","0|0","0|0","0|0","0|0","0|0","0|0","0|0","1|0","0|0","1|0","0|0","0|0","0|0","0|0","0|0","0|0","0|0","0|0","0|0","0|0","0|0","0|0","0|0","0|0","1|1","0|0","0|0","0|0","0|0","0|0","0|0","0|0","0|0","0|0","0|0","0|0","1|0","0|0","0|0","0|0","0|0","0|0","0|0","0|0","0|0","0|0","0|0","0|0","0|0","1|0","0|0","0|0","0|0","0|0","0|0","0|0","0|0","0|0","0|0","0|0","0|0","0|0","0|0","0|0","0|0","0|0","0|0","0|0","0|0","1|0","0|0","1|0","0|0","0|0","0|0","0|0","0|0","0|0","0|0","0|0","0|0","0|0","0|0","0|0","0|0","0|0","0|0","0|0","0|0","0|0","0|0","0|0","0|0","0|0","0|0","0|0","0|0","0|0","0|0","0|0","0|0","0|0","0|0","0|0","0|0","0|0","0|0","0|0","0|0","0|0","0|0","0|0","0|0","0|0","0|0","0|0","0|1","0|0","0|0","0|0","0|0","0|0","0|0","0|0","0|0","0|1","0|0","0|0","0|0","0|0","0|0","0|0","0|0","0|0","0|0","0|0","0|0","0|0","0|0","1|0","0|0","0|0","0|0","0|1","0|0","0|0","0|0","0|0","0|0","0|0","0|0","0|0","0|0","0|0","0|0","0|0","0|0","0|0","0|0","0|0","0|0","0|0","0|0","0|0","0|0","0|0","0|0","0|0","0|0","0|0","0|0","0|0","0|0","0|0","0|0","0|0","0|0","0|0","0|0","0|0","0|1","0|0","0|0","0|0","1|0","0|0","0|0","0|0","0|0","0|0","0|0","0|0","0|0","0|0","0|0","0|0","0|0","0|0","0|0","0|0","0|0","0|0","1|0","0|0","0|0","0|0","0|0","0|0","0|0","0|0","0|0","0|0","0|0","0|0","0|0","0|0","0|0","0|0","0|0","0|0","0|0","0|0","0|0","0|0","0|0","0|0","0|0","0|0","0|1","0|0","0|0","0|1","0|1","0|0","0|0","0|1","0|0","0|0","0|0","0|0","0|1","0|0","1|0","0|0","0|0","0|0","0|0","0|0","0|0","0|0","0|0","0|1","0|0","0|0","0|0","0|0","0|0","0|0","0|0","0|0","0|0","0|0","0|0","0|0","0|0","0|0","0|0","0|0","0|0","0|0","0|0","0|0","0|0","0|0","0|0","0|0","0|0","0|0","0|0","0|0","0|0","0|0","0|0","0|0","0|0","0|0","0|1","0|0","0|0","0|0","1|0","0|0","0|1","0|0","0|0","0|0","0|0","0|0","0|1","0|1","0|0","0|0","0|0","0|0","0|0","0|0","0|0","0|0","0|0","0|0","0|0","0|0","0|0","0|0","0|1","0|0","0|0","0|0","0|0","0|0","0|0","0|0","0|0","0|0","0|0","1|1","0|0","0|0","0|0","0|1","0|0","0|0","0|0","0|0","0|0","0|0","0|0","0|0","0|0","0|0","0|0"
6,30095897,"rs1264705","G","C","1|0","1|0","0|0","0|0","0|0","0|0","0|0","0|0","0|0","0|0","0|0","0|1","0|0","0|0","0|0","0|0","0|0","0|0","0|1","0|0","0|0","0|0","0|0","0|0","1|0","0|0","0|0","0|0","0|0","0|0","0|0","0|0","0|0","0|1","0|0","1|0","0|1","0|0","0|0","0|0","0|0","1|0","0|0","0|0","0|0","0|0","0|0","0|0","0|0","0|0","0|0","0|0","0|0","0|0","1|1","0|0","1|0","0|0","0|1","0|1","0|0","0|0","0|0","0|0","0|0","0|0","0|0","1|0","0|0","0|0","0|0","0|0","1|0","0|0","1|0","0|0","0|0","0|0","0|0","0|0","1|0","0|0","0|0","0|0","0|0","0|0","0|0","1|0","0|0","0|0","1|0","1|0","0|0","0|0","0|0","0|1","0|1","1|0","1|0","0|0","0|0","0|0","0|0","0|0","0|1","1|0","0|1","0|0","0|0","0|0","0|0","1|0","0|0","0|0","0|0","0|0","0|0","0|0","0|0","0|0","1|0","0|1","0|0","0|0","0|1","0|0","0|0","0|1","0|0","0|0","0|0","0|0","0|0","0|0","0|0","0|0","0|0","0|0","0|0","0|0","1|0","0|0","0|0","0|0","0|0","0|0","0|0","1|0","0|0","0|0","0|0","0|0","0|0","0|0","0|0","0|0","0|0","1|1","0|0","0|0","0|0","0|1","1|0","0|0","1|0","0|1","0|0","0|0","0|0","1|0","0|0","0|0","0|0","1|0","0|0","0|0","0|1","0|1","0|0","0|0","0|0","0|0","0|0","0|0","0|0","0|0","0|0","0|1","1|0","0|0","0|0","1|0","0|1","0|0","0|0","0|0","0|0","0|0","0|0","0|0","0|0","0|0","1|0","1|0","1|0","0|0","0|0","0|0","0|0","1|0","0|0","0|0","0|0","0|0","0|0","0|0","0|0","0|0","1|0","0|0","0|0","0|0","0|0","1|0","0|0","0|0","0|0","1|0","0|0","0|0","0|0","0|0","0|1","0|0","1|0","0|1","0|0","1|0","0|0","0|0","1|0","0|1","0|0","1|0","0|0","0|0","0|1","0|1","0|0","0|1","0|1","0|0","0|1","0|0","0|0","0|0","0|0","0|0","0|1","0|1","0|0","0|0","1|0","0|0","0|0","0|0","0|1","1|0","0|0","0|0","0|0","0|0","0|0","0|0","0|0","0|0","0|0","0|0","0|0","0|1","0|0","0|0","0|0","0|0","0|0","1|0","0|0","0|0","0|0","1|0","0|1","0|0","0|0","0|0","0|0","0|0","0|0","0|0","1|0","0|0","1|0","0|0","0|0","0|0","0|0","1|0","0|0","0|0","0|0","1|0","1|0","1|0","0|0","0|1","0|0","1|1","0|0","0|0","0|0","0|0","0|0","0|0","0|0","1|0","0|0","0|0","0|0","0|0","0|1","0|0","0|0","0|1","0|1","0|0","0|0","0|0","0|0","0|0","0|0","0|0","0|0","0|0","0|0","1|0","0|0","0|0","0|0","0|0","0|0","0|0","0|0","0|0","0|0","0|0","0|0","1|0","0|0","0|0","0|0","0|0","0|1","0|0","0|0","0|0","0|0","0|0","0|0","0|0","0|0","0|0","0|0","0|0","1|0","0|0","0|1","0|0","0|0"
6,30417458,"rs6916716","C","A","0|0","0|1","0|0","0|0","0|0","0|1","0|0","0|0","0|1","0|0","1|0","0|0","0|0","0|0","0|1","0|0","1|0","1|0","0|0","1|0","0|0","0|0","0|0","0|0","0|0","0|0","0|1","0|1","1|0","1|0","0|0","1|0","0|0","1|0","0|0","0|0","0|0","1|1","0|1","0|0","0|0","0|0","0|0","0|0","1|0","1|0","0|0","1|1","0|0","0|0","0|0","0|0","0|0","0|0","0|0","0|0","0|0","1|0","1|0","0|0","1|1","0|0","0|1","0|0","0|0","0|0","0|0","0|0","0|0","0|0","1|0","0|0","0|0","0|0","0|0","0|1","0|0","0|0","0|1","0|0","0|0","0|0","0|0","0|0","0|0","0|0","0|0","0|1","0|0","0|0","0|0","0|0","0|0","1|0","0|0","0|0","0|0","0|0","0|0","0|0","1|0","0|0","0|0","0|0","0|0","0|1","0|0","1|0","1|0","0|1","0|0","0|1","0|0","0|0","0|0","0|0","0|0","0|0","0|0","0|0","0|0","1|0","1|0","0|0","1|0","0|0","0|0","0|0","1|0","0|0","0|0","1|0","0|0","0|0","1|0","0|1","0|0","0|0","0|0","0|0","0|0","0|0","0|1","0|0","1|0","0|1","0|0","0|0","0|0","1|0","1|1","0|0","0|0","0|1","0|0","0|0","0|0","0|0","1|1","0|0","1|1","0|0","0|0","0|0","0|1","0|0","0|1","0|0","1|1","0|1","0|0","1|0","0|0","0|0","0|0","0|1","0|0","0|0","0|1","0|1","0|0","1|1","1|0","0|0","0|0","0|0","0|1","0|0","0|0","0|0","0|0","0|0","0|0","0|0","1|0","1|0","0|0","0|0","1|1","0|0","1|0","0|0","0|1","0|0","0|0","1|0","1|0","0|1","0|1","0|0","0|0","0|0","0|1","0|0","0|0","1|0","1|0","0|1","0|0","0|0","0|0","0|0","0|0","0|0","0|0","1|0","1|0","0|1","0|0","0|1","1|0","0|0","0|0","0|0","0|0","0|0","1|0","0|1","0|0","0|0","0|0","1|0","0|0","0|1","0|0","0|0","0|0","1|0","0|0","0|0","0|0","0|0","0|0","0|0","0|1","0|0","0|0","0|0","0|0","0|0","0|0","0|0","0|0","0|0","0|0","0|0","1|0","0|0","0|0","0|0","0|0","1|1","0|0","0|0","0|0","0|0","0|0","0|0","0|1","0|0","1|0","0|1","0|0","1|1","0|0","0|0","0|0","1|0","0|0","0|0","0|0","0|0","0|0","0|1","0|0","0|1","0|0","1|1","0|0","0|0","0|0","0|0","1|0","0|0","0|0","0|1","0|0","1|0","0|0","0|1","0|0","0|0","0|0","0|0","0|0","0|0","0|0","0|0","1|0","0|1","0|0","0|0","0|1","0|0","0|0","1|1","0|0","0|1","0|0","0|0","0|0","0|0","0|0","0|0","0|0","1|0","0|0","0|0","0|0","0|0","0|0","1|0","1|0","0|0","1|0","0|0","1|0","0|0","0|1","1|1","1|1","0|0","0|0","0|0","0|0","0|1","0|1","0|0","0|0","1|0","0|0","1|0","0|0","0|0","1|0","0|0","0|0","0|0","0|0","1|0","1|0","0|1","0|0","0|1","0|0","1|1","0|0"
6,30426851,"rs9261947","C","T","0|0","0|1","0|0","0|0","0|0","0|1","0|0","0|0","0|0","0|0","1|0","0|0","0|0","0|0","0|1","0|0","1|0","1|0","0|0","1|0","0|0","0|0","0|0","0|0","0|0","0|0","0|1","0|1","1|0","1|0","0|0","1|0","0|0","1|0","0|0","0|0","0|0","1|1","0|1","0|0","0|0","0|0","0|0","0|0","1|0","0|0","0|0","1|0","0|0","0|0","0|0","0|0","0|0","0|0","0|0","0|0","0|0","1|0","1|0","0|0","0|1","0|0","0|1","0|0","0|0","0|0","0|0","0|0","0|0","0|0","1|0","0|0","0|0","0|0","0|0","0|1","0|0","0|0","0|1","0|0","0|0","0|0","0|0","0|0","0|0","0|0","0|0","0|1","0|0","0|0","0|0","0|0","0|0","0|0","0|0","0|0","0|0","0|0","0|0","0|0","1|0","0|0","0|0","0|0","0|0","0|1","0|0","0|0","1|0","0|1","0|0","0|1","0|0","0|0","0|0","0|0","0|0","0|0","0|0","0|0","0|0","1|0","1|0","0|0","1|0","0|0","0|0","0|0","0|0","0|0","0|0","1|0","0|0","0|0","1|0","0|1","0|0","0|0","0|0","0|0","0|0","0|0","0|1","0|0","1|0","0|1","0|0","0|0","0|0","1|0","1|1","0|0","0|0","0|0","0|0","0|0","0|0","0|0","0|1","0|0","1|1","0|0","0|0","0|0","0|1","0|0","0|1","0|0","1|1","0|1","0|0","1|0","0|0","0|0","0|0","0|0","0|0","0|0","0|1","0|0","0|0","1|0","1|0","0|0","0|0","0|0","0|1","0|0","0|0","0|0","0|0","0|0","0|0","0|0","1|0","0|0","0|0","0|0","1|1","0|0","1|0","0|0","0|1","0|0","0|0","1|0","1|0","0|1","0|1","0|0","0|0","0|0","0|1","0|0","0|0","1|0","1|0","0|1","0|0","0|0","0|0","0|0","0|0","0|0","0|0","1|0","1|0","0|1","0|0","0|1","1|0","0|0","0|0","0|0","0|0","0|0","1|0","0|1","0|0","0|0","0|0","0|0","0|0","0|1","0|0","0|0","0|0","0|0","0|0","0|0","0|0","0|0","0|0","0|0","0|1","0|0","0|0","0|0","0|0","0|0","0|0","0|0","0|0","0|0","0|0","0|0","1|0","0|0","0|0","0|0","0|0","1|0","0|0","0|0","0|0","0|0","0|0","0|0","0|1","0|0","1|0","0|1","0|0","1|0","0|0","0|0","0|0","1|0","0|0","0|0","0|0","0|0","0|0","0|1","0|0","0|1","0|0","1|1","0|0","0|0","0|0","0|0","0|0","0|0","0|0","0|1","0|0","1|0","0|0","0|1","0|0","0|0","0|0","0|0","0|0","0|0","0|0","0|0","1|0","0|1","0|0","0|0","0|1","0|0","0|0","1|1","0|0","0|1","0|0","0|0","0|0","0|0","0|0","0|0","0|0","1|0","0|0","0|0","0|0","0|0","0|0","0|0","1|0","0|0","1|0","0|0","0|0","0|0","0|1","1|1","1|1","0|0","0|0","0|0","0|0","0|0","0|1","0|0","0|0","1|0","0|0","0|0","0|0","0|0","1|0","0|0","0|0","0|0","0|0","0|0","1|0","0|1","0|0","0|1","0|0","1|1","0|0"
6,31365526,"rs2844580","T","C","1|0","1|1","1|1","0|0","1|1","0|1","1|0","1|0","1|1","1|0","0|1","1|1","1|0","0|1","0|0","0|0","1|1","1|0","1|1","0|0","0|0","1|0","0|0","1|0","1|1","0|0","1|0","0|0","0|0","1|0","0|0","1|1","0|0","0|1","0|0","1|0","1|1","0|1","1|1","0|0","1|1","1|1","1|0","0|1","1|1","0|0","0|0","0|0","0|0","1|0","0|0","0|0","0|0","0|1","1|1","0|0","1|0","1|0","0|1","0|1","1|0","0|0","0|0","0|0","0|1","0|0","1|0","1|0","0|0","0|0","1|1","0|0","1|1","0|1","1|0","0|0","1|0","1|0","0|0","0|0","1|0","1|0","0|1","0|0","0|0","1|1","1|0","1|0","1|0","0|0","1|0","1|0","0|0","1|0","0|0","0|1","0|1","1|0","1|0","0|0","0|0","0|0","0|0","0|0","1|1","0|1","0|1","1|1","0|1","1|1","0|0","1|0","0|0","0|0","1|0","1|0","0|1","0|1","1|0","0|0","1|0","1|1","0|0","1|0","0|1","1|0","0|0","1|0","0|0","1|1","1|1","1|0","0|0","0|0","0|0","0|0","1|0","0|1","1|1","1|0","1|0","1|1","1|0","0|1","0|1","1|0","0|0","1|1","0|0","1|0","0|0","1|1","0|0","0|0","0|1","1|0","1|0","1|1","0|0","0|0","0|0","1|1","1|0","0|0","0|0","1|1","0|0","1|0","1|1","1|0","1|1","0|0","0|1","1|0","0|1","0|0","1|1","1|1","1|0","0|1","0|0","0|0","1|0","0|0","1|1","0|1","0|0","1|1","1|1","1|0","1|1","1|0","0|1","0|0","1|0","1|0","0|0","1|0","1|0","0|0","0|0","0|1","1|0","1|0","1|1","1|0","0|0","1|0","0|0","1|1","0|0","0|0","0|0","1|1","1|0","1|0","1|1","0|1","1|1","1|1","1|0","0|0","0|1","1|0","0|1","0|0","0|0","1|0","0|0","1|1","0|1","0|1","0|1","0|1","1|1","1|1","1|1","1|1","1|0","1|0","0|0","1|1","1|0","1|0","1|0","0|0","1|1","1|1","0|0","1|1","0|1","0|0","0|0","0|0","0|1","0|0","0|0","0|1","0|1","0|0","0|0","1|0","1|0","1|0","1|0","0|0","1|1","1|1","0|1","0|0","0|0","1|0","0|1","1|0","1|0","0|1","0|0","0|0","0|0","0|1","1|0","0|0","0|0","1|1","1|0","1|0","0|0","1|0","1|0","1|1","0|1","1|0","0|1","1|0","1|0","0|0","1|1","0|0","1|0","0|0","1|0","0|0","1|0","0|1","0|0","1|0","0|0","0|0","0|0","0|1","1|1","1|1","1|0","0|1","1|1","1|0","0|0","0|0","1|1","1|0","0|1","1|0","0|1","1|0","1|0","0|0","0|0","0|1","0|0","0|0","1|0","1|1","0|1","0|0","0|1","1|0","0|0","1|1","0|0","0|0","0|0","1|0","1|0","1|0","1|1","0|1","1|0","0|0","1|0","0|1","1|1","1|0","0|1","1|0","0|0","1|1","0|0","0|0","1|0","0|1","0|1","1|1","1|0","0|0","0|1","1|0","0|0","1|0","0|0","0|0","0|0","0|0","0|0","0|1","1|1","1|0","0|0"
6,32065839,"rs1265889","G","A","1|0","1|0","0|0","0|0","0|0","1|0","0|0","0|1","0|0","0|0","0|0","0|1","0|0","0|0","0|0","0|0","1|0","0|0","0|1","1|0","1|0","0|1","0|0","0|0","1|0","0|0","1|0","1|0","0|1","0|0","0|0","0|0","0|0","0|1","1|0","1|0","0|1","0|0","0|0","0|0","0|0","1|0","0|0","0|0","0|0","0|0","0|0","0|0","0|0","0|0","0|0","0|0","0|0","0|0","1|1","0|0","1|0","0|0","0|1","0|1","0|0","0|0","0|0","0|0","0|1","0|0","0|1","1|0","0|0","0|0","0|0","0|0","1|0","0|1","1|1","0|0","0|0","0|0","0|0","0|0","1|0","0|0","0|1","0|0","0|0","0|0","0|0","1|0","0|0","0|0","0|0","1|0","1|0","0|0","0|0","0|1","0|1","1|0","1|0","0|0","0|0","0|0","0|0","0|1","0|1","0|0","0|1","0|0","0|0","1|0","0|0","1|0","0|0","0|0","0|0","0|0","0|0","0|0","1|1","0|0","0|0","0|1","0|0","1|0","0|1","0|0","0|0","1|0","0|0","1|0","0|0","0|0","0|0","0|0","0|0","0|0","0|0","0|0","0|1","1|0","1|0","0|0","1|0","0|0","0|0","0|0","0|0","0|0","0|0","0|0","0|0","1|0","0|0","0|0","0|0","0|0","0|0","1|0","0|0","0|0","0|0","0|1","1|0","0|0","0|0","0|1","0|0","0|0","0|0","1|0","0|0","0|1","0|1","1|0","0|0","0|0","0|0","0|1","0|0","0|0","0|0","0|0","0|0","0|0","0|0","0|0","0|0","0|1","0|0","0|0","0|1","1|0","0|1","0|0","0|0","1|0","0|0","1|0","0|0","0|0","0|0","0|0","1|0","1|0","1|1","0|0","0|0","1|0","1|0","1|0","0|0","0|0","0|0","0|0","0|0","0|0","0|1","0|0","1|0","0|0","0|1","0|0","0|0","1|0","0|0","0|0","0|0","1|0","0|0","1|0","0|1","1|0","1|1","0|0","1|1","0|1","0|0","1|0","0|0","0|0","0|0","0|1","0|1","1|0","0|0","0|0","0|1","0|1","0|0","0|1","0|1","0|0","0|0","0|0","0|0","1|0","0|0","0|0","0|1","0|0","0|0","0|0","1|0","0|0","0|0","0|0","0|1","1|0","0|0","0|0","0|0","1|0","0|0","0|0","1|0","1|0","0|0","0|0","0|0","0|1","0|0","0|0","0|0","0|0","0|0","1|0","0|0","1|0","0|0","1|0","1|1","0|0","0|0","0|0","0|0","1|0","1|1","0|0","1|0","0|0","1|0","1|0","0|0","0|0","1|0","1|0","0|0","0|0","0|0","0|0","1|1","0|0","0|0","0|1","1|1","1|0","0|0","1|0","0|0","0|0","0|0","0|0","0|0","1|0","1|0","0|1","0|0","0|0","0|0","0|0","0|1","0|1","0|0","0|0","0|0","0|0","0|0","0|0","0|1","0|1","0|0","0|0","1|0","1|0","0|0","0|0","0|1","0|0","0|0","0|0","0|0","0|0","0|1","0|0","0|0","1|0","0|0","0|0","0|0","0|0","0|1","0|0","0|0","0|0","0|1","0|0","0|0","0|0","0|0","0|0","0|0","0|0","0|0","0|0","0|1","0|0","0|0"
6,32390772,"rs9348883","T","A","0|0","0|0","0|0","0|1","0|0","1|0","0|0","1|0","0|0","0|0","0|0","0|0","0|0","0|0","0|0","0|0","0|0","0|0","0|0","0|0","0|0","0|0","0|0","0|0","0|0","0|0","1|0","0|1","1|0","0|0","0|0","0|0","0|0","0|1","0|0","0|0","0|0","0|0","0|0","0|0","0|0","0|0","0|0","0|0","0|0","0|1","0|0","0|0","0|0","0|0","0|0","0|0","1|0","0|0","0|0","0|0","0|0","0|0","0|0","0|0","0|0","0|0","0|0","0|0","0|0","0|0","0|0","0|0","0|0","1|0","0|0","0|0","0|0","0|0","0|1","0|0","0|0","0|0","0|0","0|0","1|0","0|1","0|0","0|0","0|0","0|0","0|0","0|0","0|1","0|0","0|0","0|0","0|0","0|0","0|0","0|0","0|0","0|0","0|0","0|0","1|0","0|0","0|0","0|0","0|0","0|0","0|0","0|0","0|0","0|0","0|0","0|0","0|0","0|0","0|0","0|0","0|0","0|0","0|0","0|1","0|0","0|0","0|0","0|0","0|0","0|0","0|0","0|0","0|0","0|0","0|0","0|0","0|0","1|0","0|1","0|0","0|0","0|0","0|0","0|0","0|0","0|0","0|0","1|0","0|0","0|0","0|0","0|0","0|0","0|0","0|0","0|0","0|0","0|0","0|0","0|0","0|0","0|0","0|0","0|0","0|0","0|0","0|0","0|0","0|0","0|0","0|0","0|1","0|0","0|0","0|0","0|0","1|0","0|0","0|0","0|0","0|0","0|0","0|0","0|0","0|1","0|0","0|0","0|0","0|0","1|0","0|0","0|0","0|0","0|0","0|0","0|1","0|0","0|0","0|0","0|0","0|0","0|0","0|0","0|0","0|0","0|0","0|0","0|0","0|0","0|0","1|0","0|0","0|0","0|0","0|1","0|0","0|0","0|0","0|0","0|0","0|0","0|0","0|0","0|0","0|0","0|0","0|0","0|0","0|0","0|0","0|0","0|0","0|1","0|0","0|0","0|0","0|0","0|0","0|0","0|0","0|0","0|0","0|0","0|0","1|0","0|0","0|0","0|0","0|0","0|1","0|0","0|0","0|0","0|0","0|0","0|0","0|0","0|1","0|0","0|0","0|0","0|0","0|0","0|1","0|0","0|0","0|1","0|0","0|0","1|1","0|0","0|0","0|0","0|0","0|0","0|0","0|0","1|0","0|0","0|0","0|0","0|1","1|0","0|0","0|0","0|0","0|0","0|0","0|0","0|0","0|0","0|0","0|0","0|0","0|0","0|0","0|0","0|0","0|1","0|0","0|0","0|0","0|0","0|0","0|0","0|0","0|0","0|0","0|0","0|0","0|1","0|0","0|0","0|0","0|0","0|0","0|0","0|0","0|0","0|0","0|0","0|0","0|0","0|0","0|0","0|0","0|0","0|0","0|0","0|0","0|0","0|0","0|0","0|0","0|0","0|0","0|0","0|0","0|0","0|0","0|0","0|0","0|0","0|0","1|0","0|1","0|0","0|1","1|0","0|1","0|0","0|0","0|0","0|0","0|0","0|0","0|0","0|0","0|0","0|0","1|0","0|0","0|0","0|1","0|0","0|0","0|0","0|0","0|0","0|0","0|0","0|0","0|0","0|0","0|0","0|0","0|0","0|0","0|0","0|0","0|0"
6,32403058,"rs2076523","T","C","0|1","0|1","0|0","0|0","0|0","0|1","0|0","0|0","0|1","0|0","1|1","1|0","0|1","0|1","1|1","1|1","0|1","1|1","1|0","1|0","1|1","0|1","0|0","1|1","0|1","0|1","0|0","0|0","0|0","0|1","1|0","1|0","0|0","1|0","1|1","0|0","1|0","0|0","0|0","1|0","0|1","0|1","1|1","1|0","1|1","1|1","0|0","1|0","0|1","0|0","0|0","0|0","0|1","0|1","0|0","1|0","0|0","0|0","1|0","1|0","1|1","0|1","1|1","0|0","0|0","0|0","1|1","0|1","0|0","0|0","0|0","0|0","0|1","0|0","0|0","1|0","1|0","0|0","1|1","1|0","0|1","1|0","0|0","0|0","1|0","1|0","1|1","0|0","1|0","0|1","1|0","0|1","1|1","1|1","0|0","1|0","0|0","0|0","0|0","1|0","0|1","0|1","1|0","0|1","1|0","0|1","1|1","1|1","0|1","0|0","0|0","0|1","0|1","0|0","1|0","1|0","1|0","0|1","0|1","1|0","0|1","1|0","1|0","0|1","1|0","0|1","0|1","1|0","0|0","0|1","0|1","1|1","1|1","0|1","1|0","0|0","1|0","1|0","0|1","0|1","0|1","0|0","1|0","0|1","0|0","0|0","0|1","0|1","0|1","1|1","1|0","0|0","0|0","1|0","0|0","0|0","1|0","0|0","0|0","0|0","1|1","1|0","0|0","0|0","0|0","0|0","0|1","1|0","1|0","0|1","1|0","1|0","0|0","0|1","1|1","0|0","1|1","1|0","0|1","0|0","0|0","1|0","1|0","1|1","1|1","0|1","0|0","1|0","0|0","1|1","1|1","0|0","1|0","0|0","0|1","0|1","1|0","0|0","0|1","1|1","1|0","0|1","0|1","0|1","0|0","1|0","0|1","0|1","0|0","0|1","0|0","1|0","1|1","0|0","0|1","1|0","1|1","1|0","0|0","1|1","1|1","1|0","0|0","0|1","0|1","0|0","1|0","0|1","0|0","0|1","1|0","1|1","0|0","0|1","0|0","0|0","1|1","0|1","1|1","0|0","0|0","1|0","1|0","0|0","0|1","1|0","1|0","1|0","1|0","0|0","0|0","1|0","0|0","0|0","1|1","1|0","0|0","1|0","0|0","1|0","1|0","1|1","0|0","1|1","1|0","0|0","1|0","0|1","0|1","0|1","1|0","1|0","0|0","0|1","1|1","0|1","1|0","1|0","0|0","1|0","0|1","1|1","0|1","1|1","0|0","0|1","0|1","0|1","1|1","0|1","1|0","1|0","1|1","1|0","1|0","1|0","0|0","0|1","0|0","0|0","0|1","1|1","1|0","1|1","0|1","0|1","0|0","1|0","0|0","0|0","0|0","1|0","1|0","0|0","0|0","0|0","0|0","1|0","1|1","1|1","0|1","0|1","1|1","0|1","0|1","1|0","1|1","0|1","0|0","1|1","1|1","1|0","1|0","0|1","1|0","1|1","0|1","0|0","0|0","1|1","0|0","1|0","0|1","0|0","0|1","1|0","1|1","0|0","1|1","1|0","1|0","0|0","1|0","0|1","1|0","1|1","0|0","1|0","1|1","1|0","0|0","1|1","0|1","0|1","1|0","1|1","1|0","0|1","1|0","0|1","1|0","1|1","1|1","0|1","0|0","0|1","1|1"
6,47778410,"rs62397901","T","G","0|1","0|0","0|0","0|0","0|0","1|0","0|0","0|0","0|0","0|0","0|0","0|0","0|0","0|0","0|0","0|0","1|0","0|0","0|0","0|0","0|1","0|0","0|0","0|0","0|0","0|0","1|0","0|0","0|0","0|1","0|0","0|0","0|0","0|0","0|0","0|0","0|0","0|0","0|0","0|1","0|0","0|0","0|0","0|1","0|0","0|0","0|0","0|0","0|0","0|0","1|0","0|0","0|0","0|0","0|0","0|0","0|0","0|0","0|0","0|0","0|0","0|0","0|1","0|0","0|0","0|0","0|0","0|0","0|0","0|1","0|1","0|0","0|0","0|0","0|0","0|0","0|0","0|0","0|0","0|0","0|0","1|0","0|0","1|1","0|0","0|0","1|0","0|0","0|0","1|0","0|0","0|0","0|0","0|0","0|0","0|1","0|0","0|0","0|1","0|0","0|0","0|0","0|0","0|0","0|0","0|0","0|0","0|0","0|0","0|0","0|0","0|0","0|0","0|0","0|0","0|0","0|0","0|0","0|0","1|0","0|0","0|0","0|0","0|0","1|0","0|0","0|0","0|0","0|0","0|1","0|0","0|0","0|0","0|0","0|0","0|0","0|0","0|0","0|0","0|0","0|0","0|0","0|0","0|0","0|0","1|0","0|0","0|0","0|0","0|0","0|0","0|0","0|0","0|0","0|0","0|0","0|0","0|0","0|0","0|0","0|1","0|0","1|0","0|0","0|0","0|1","0|0","0|0","0|0","0|0","0|0","0|0","0|0","0|0","0|0","0|0","0|0","0|0","0|0","0|0","1|0","0|0","0|0","0|0","0|0","0|0","0|0","0|1","0|0","0|0","0|0","0|0","0|0","0|0","0|1","0|0","0|0","0|0","0|0","0|0","0|0","0|0","0|0","0|0","0|0","0|0","0|0","0|0","0|0","0|0","0|0","0|0","0|0","0|0","0|1","0|0","0|0","0|0","0|0","0|0","0|0","0|0","0|0","0|0","0|0","0|0","1|0","0|0","0|0","0|0","0|1","0|0","0|0","0|0","0|0","0|0","0|0","0|0","0|0","0|0","1|0","0|0","0|0","0|0","0|0","0|0","0|0","0|0","0|0","0|0","0|0","0|0","0|0","0|0","0|0","0|0","0|0","0|0","0|0","0|0","0|0","0|0","0|0","0|0","0|0","1|0","0|0","0|0","0|0","0|0","0|0","0|0","0|0","1|0","0|0","0|0","0|0","0|0","0|0","0|0","0|0","0|0","0|1","0|0","0|0","0|0","0|0","0|0","0|0","0|1","0|0","0|0","0|1","0|0","0|0","0|0","0|0","0|0","0|0","0|0","0|0","0|0","0|0","0|0","0|0","0|0","0|0","0|0","0|0","0|0","0|0","1|0","0|0","0|0","0|0","0|0","0|0","0|0","0|0","0|0","0|0","0|0","0|0","0|0","0|0","0|0","0|0","0|0","0|0","0|0","0|0","0|0","0|1","0|1","0|0","0|0","0|0","0|0","0|0","0|0","0|0","0|0","0|0","0|0","0|0","0|0","0|0","0|0","0|0","0|1","0|1","0|0","0|0","0|0","0|0","0|0","0|0","0|0","0|0","0|0","0|1","0|0","0|0","0|0","0|0","0|0","0|0","0|0","0|0","0|0","0|0","0|0","0|0","0|0","0|0","0|0","0|0"
6,92777658,"rs2674382","A","T","0|0","0|0","0|0","0|0","0|0","0|0","0|0","0|0","0|0","0|0","0|0","0|0","0|0","0|0","0|0","0|0","0|0","0|0","0|0","0|0","0|0","0|0","0|1","0|0","0|0","0|0","0|0","0|0","0|0","0|0","0|0","0|0","0|0","0|0","0|0","0|0","0|0","0|0","0|0","0|0","0|0","0|1","0|0","0|1","0|0","0|0","0|0","0|0","0|0","0|0","0|0","0|0","0|0","1|0","0|0","0|0","0|0","0|0","1|0","0|0","0|0","0|0","0|0","0|0","0|0","0|0","1|0","0|0","0|0","0|0","0|0","0|0","0|0","0|0","0|0","0|0","0|0","0|0","0|0","0|0","0|0","0|1","0|0","0|0","0|0","0|0","0|0","1|0","0|0","0|0","0|0","0|0","0|0","0|0","0|0","0|0","0|0","0|0","0|0","0|0","0|0","0|0","0|0","0|0","0|0","0|0","0|1","0|0","0|0","1|0","1|0","0|0","0|0","1|0","0|0","0|0","0|0","0|0","0|0","0|0","0|0","0|0","0|0","0|0","1|0","0|0","0|0","0|0","0|0","0|0","0|0","0|0","0|0","0|0","0|0","0|1","0|0","0|0","0|1","0|0","0|0","0|0","0|0","0|0","0|0","0|0","0|1","0|0","0|0","0|0","0|0","0|0","0|0","0|0","0|0","0|0","0|0","0|0","0|0","0|1","0|0","0|0","0|0","0|0","0|0","0|0","0|0","0|0","0|0","0|0","1|0","1|0","0|0","0|1","0|0","0|0","0|0","0|0","0|0","0|0","0|0","0|0","0|0","0|0","0|1","0|0","0|0","0|0","0|0","0|0","0|1","0|0","0|0","0|0","0|0","0|1","0|0","0|0","0|0","0|0","0|0","0|0","0|0","0|0","0|0","0|0","1|0","0|0","0|0","0|0","0|0","0|0","0|0","0|0","0|0","0|0","0|0","0|0","0|0","0|0","0|0","0|0","0|0","0|0","0|0","0|0","0|0","0|0","0|0","0|0","1|0","0|0","0|1","1|0","0|0","0|0","0|0","0|0","0|0","0|0","0|0","0|0","0|0","0|0","0|0","0|0","0|0","0|0","0|0","0|0","0|0","1|0","0|0","0|0","0|0","0|0","0|1","0|0","0|0","0|0","0|0","0|0","0|0","0|0","0|0","0|0","0|0","0|0","0|0","0|0","0|0","0|0","0|0","0|0","0|0","0|0","0|0","0|0","0|0","0|0","0|0","0|0","0|0","0|0","0|0","0|0","0|0","0|0","0|0","0|0","0|0","0|0","0|0","0|0","1|0","0|0","0|0","1|0","0|0","0|0","1|0","0|1","1|0","0|0","0|0","0|0","0|1","1|0","0|0","0|0","0|0","0|0","0|0","0|0","0|0","0|0","0|0","0|0","0|0","0|0","0|0","0|0","0|0","0|0","0|0","0|0","0|0","0|0","0|0","0|0","0|0","0|0","0|0","0|0","1|0","0|0","0|0","0|0","1|1","0|0","0|0","0|0","0|0","0|0","0|0","0|0","0|0","0|0","0|0","0|0","0|0","0|0","1|0","0|0","0|0","0|0","0|0","0|1","0|0","0|0","0|0","1|0","0|0","0|0","0|1","0|0","0|0","0|0","0|0","0|0","0|0","0|0","0|0","0|0","0|0","0|0","1|0"
6,109297161,"rs76615866","G","C","0|0","0|0","0|0","0|0","0|0","0|0","0|0","0|0","0|0","0|0","0|0","0|0","0|0","0|0","0|0","0|0","0|0","0|0","0|0","0|0","0|0","0|0","0|0","0|0","0|0","0|0","0|0","0|0","0|0","1|0","0|0","0|0","0|0","0|0","0|0","0|0","0|0","0|0","0|0","0|0","0|0","0|0","0|0","0|0","0|0","0|0","0|0","0|0","0|0","0|0","0|0","0|0","0|0","0|0","0|0","0|0","0|0","0|1","0|0","0|0","0|0","0|0","0|0","0|0","0|0","0|0","0|0","0|0","0|0","0|0","0|0","0|0","0|0","0|0","0|0","0|0","0|0","0|0","0|0","0|0","0|0","0|0","0|0","0|0","0|0","0|0","0|0","0|0","0|0","0|0","0|0","0|0","0|0","0|0","0|0","0|0","0|0","0|0","0|1","0|0","0|0","0|0","0|0","0|0","0|0","0|0","0|0","0|0","0|0","0|0","0|0","0|0","0|0","0|0","0|0","0|0","0|0","0|0","0|0","0|0","0|0","0|1","0|0","0|0","0|0","0|0","0|0","0|0","0|0","0|0","0|0","0|0","0|0","0|0","0|0","0|0","0|0","0|0","0|0","0|0","0|0","0|0","0|0","0|0","1|0","0|0","0|0","0|0","1|1","0|0","0|0","0|0","0|0","0|0","0|0","0|0","0|0","0|0","0|0","0|0","0|0","0|0","0|0","0|0","0|0","0|0","0|0","0|0","0|0","0|0","0|0","0|0","0|0","0|0","0|0","0|0","0|0","0|0","0|0","0|0","0|0","0|1","0|0","0|0","0|0","0|0","1|0","0|0","1|0","0|0","0|0","0|0","0|0","0|0","0|0","0|0","0|0","0|0","0|0","0|0","0|0","0|0","0|0","0|0","0|0","0|0","0|0","0|0","0|0","0|0","0|0","0|0","0|0","0|0","0|0","0|0","0|0","0|0","0|0","0|0","0|0","0|0","0|0","0|0","0|0","0|0","0|0","0|0","0|0","0|0","0|0","0|0","0|0","0|0","0|0","0|0","0|0","0|0","0|0","0|0","0|0","0|0","0|0","0|0","0|0","0|0","0|0","0|0","0|0","0|0","0|0","0|0","0|0","0|0","0|0","0|0","0|0","0|0","0|0","0|0","0|0","1|0","0|0","0|0","0|0","0|0","0|0","0|0","0|0","0|0","0|0","1|0","0|0","0|0","0|0","0|0","0|0","0|0","0|0","0|0","0|1","0|0","0|0","0|0","1|0","0|0","0|0","0|0","0|0","0|0","0|0","0|0","0|0","0|0","0|0","0|0","0|0","0|0","0|0","0|0","0|0","0|0","0|0","0|0","0|0","0|0","0|0","0|0","0|0","0|1","0|0","0|0","0|0","0|0","0|0","0|0","0|0","0|0","0|1","0|0","0|0","0|0","0|0","0|0","0|0","0|0","0|0","0|0","1|0","0|0","0|0","0|0","0|0","0|0","0|1","0|0","0|1","0|0","0|0","0|0","0|0","1|0","0|0","0|0","1|1","0|0","0|0","0|0","0|0","0|0","0|0","0|0","0|0","0|0","0|0","0|0","0|0","0|0","0|0","0|0","0|0","0|0","0|0","0|0","0|0","0|0","0|0","0|0","0|0","0|0","0|0","0|0","0|0","0|0","0|0","0|0","0|0"
6,116447754,"rs2858829","A","G","1|0","0|0","0|0","0|0","0|0","0|0","0|0","1|0","1|0","0|1","0|1","0|0","0|0","0|0","0|1","1|1","0|1","1|1","1|0","0|1","1|0","1|1","0|1","0|1","0|1","0|0","0|1","1|1","0|1","0|0","0|1","0|0","0|1","0|0","1|0","1|1","1|1","1|1","0|0","1|0","0|1","1|0","1|0","0|0","0|0","0|1","1|1","0|0","0|0","0|1","0|1","1|0","1|0","1|1","0|0","0|0","0|1","0|0","0|0","1|0","0|0","1|1","0|1","0|1","1|1","0|0","0|1","0|1","0|1","0|1","0|0","0|0","0|1","0|0","1|1","0|0","1|1","0|0","1|1","0|0","0|0","0|1","0|1","1|1","0|0","1|0","0|1","0|1","0|0","1|1","0|0","0|0","0|1","0|1","1|0","1|0","0|0","0|0","0|1","0|0","0|0","0|1","1|0","1|1","1|1","0|1","1|0","1|1","0|1","0|1","0|0","0|1","1|0","0|1","1|1","0|1","0|0","1|0","0|0","0|0","0|0","0|0","0|0","1|0","0|1","1|0","1|0","0|0","0|0","0|1","0|0","1|1","1|0","0|0","1|0","1|0","0|0","0|0","0|0","0|0","1|0","1|0","1|0","1|0","0|0","0|0","0|1","1|0","1|1","1|1","0|1","1|1","1|1","0|1","0|0","0|0","0|0","0|0","0|1","0|1","0|0","0|1","1|0","0|0","1|1","0|0","0|1","1|1","0|0","1|1","0|0","1|0","0|1","0|1","1|0","1|0","1|0","0|0","0|1","1|0","0|1","0|0","0|0","1|0","0|1","1|1","1|1","0|0","0|0","0|0","1|0","0|0","0|0","0|0","0|0","1|1","0|0","1|0","1|1","0|1","0|0","1|0","1|0","1|1","0|0","0|0","0|0","0|1","0|1","1|0","0|0","0|0","0|1","1|0","0|1","0|0","1|1","1|1","0|0","0|0","0|1","0|0","1|0","1|0","0|0","0|0","0|1","0|0","1|0","1|0","0|1","0|0","1|0","0|0","1|0","0|0","0|0","0|0","1|0","1|0","0|0","1|0","0|0","1|1","0|1","0|1","1|0","0|0","0|0","0|1","0|1","0|1","1|0","1|1","1|0","1|0","1|0","0|0","1|0","0|1","1|1","1|1","1|0","0|1","0|1","0|0","0|0","1|1","0|1","0|0","0|0","0|0","0|0","0|1","0|1","0|0","0|0","0|1","1|0","0|0","0|0","0|0","1|1","0|0","0|0","0|0","0|0","0|0","0|0","0|0","0|1","0|0","1|1","0|0","0|1","0|0","1|0","0|1","1|1","0|0","0|0","1|1","1|0","0|0","0|0","0|1","0|0","0|1","0|0","1|1","0|0","1|0","0|1","0|0","1|0","1|1","0|0","1|0","0|0","0|0","1|0","0|0","0|0","1|0","1|0","0|1","0|0","1|0","0|0","0|0","1|0","1|0","0|0","0|0","0|0","1|1","0|0","0|0","0|1","0|1","0|0","1|0","1|1","0|0","0|0","0|1","0|0","0|0","0|0","0|0","0|0","0|1","0|1","1|0","0|0","1|0","0|0","1|0","1|0","1|1","0|0","1|0","1|0","0|1","0|0","1|0","1|0","0|0","1|0","0|1","1|1","0|0","0|0","0|0","1|0","0|1","1|1"
6,116466215,"rs2637678","T","C","1|0","0|0","0|0","0|0","0|0","0|0","0|0","1|0","1|0","0|1","0|1","0|0","0|0","0|0","0|1","1|1","0|1","1|1","1|0","0|1","1|0","1|1","0|1","0|1","0|1","0|0","0|1","1|1","0|1","0|1","0|1","0|0","0|1","0|0","1|0","1|1","1|1","1|1","0|0","1|0","0|1","1|0","0|0","0|0","0|0","0|1","1|1","0|0","0|0","0|1","0|1","1|0","1|0","1|1","0|0","0|0","0|1","0|0","0|0","1|0","0|1","1|1","0|1","0|1","1|1","0|0","0|1","0|1","0|1","0|0","0|0","0|0","0|1","0|0","1|1","0|0","1|1","0|0","1|1","0|0","0|0","0|1","0|1","1|1","0|0","1|0","0|1","0|1","0|0","1|1","0|0","0|0","0|1","0|1","1|0","1|0","0|0","0|0","0|1","0|0","0|0","0|1","1|0","1|1","1|1","0|1","1|0","1|1","0|1","0|1","0|0","0|1","1|0","0|1","1|1","0|1","0|0","1|0","0|0","0|0","0|0","0|0","0|0","1|0","0|1","1|0","1|0","0|0","0|0","0|1","0|0","1|0","1|0","0|0","1|0","1|0","0|0","0|0","0|0","0|0","1|0","1|0","1|0","1|0","0|0","0|0","0|1","1|0","1|1","1|1","1|1","1|1","1|1","0|1","0|1","0|0","0|0","0|0","0|1","0|1","0|0","0|1","1|0","0|0","1|1","0|1","0|1","1|1","0|0","1|1","0|0","1|0","0|1","0|1","1|0","1|0","1|0","0|0","0|1","1|0","0|1","0|0","0|0","1|0","0|1","1|1","1|1","0|0","0|0","0|0","1|0","0|0","0|0","0|0","0|0","1|1","0|1","1|0","1|1","0|1","0|0","1|0","1|0","1|1","0|0","0|0","0|0","0|1","0|1","1|0","0|0","0|0","0|1","1|0","0|1","0|0","1|1","1|1","0|0","0|0","0|1","0|0","1|0","1|0","0|0","0|0","0|1","0|0","1|0","1|0","0|0","0|0","1|0","0|0","1|0","0|0","0|0","0|1","1|0","1|0","0|0","1|0","0|0","1|1","0|1","0|1","1|0","0|0","0|0","0|1","0|1","0|1","1|0","1|1","1|0","1|0","1|0","0|0","1|0","0|1","1|1","1|1","1|0","0|1","0|1","0|0","0|0","1|1","0|0","1|0","0|0","0|0","0|0","0|1","0|1","0|0","0|0","0|1","1|0","0|0","1|0","0|0","1|1","0|0","0|0","0|0","0|0","0|0","0|0","0|0","0|1","0|0","1|1","0|0","0|1","1|0","1|0","0|1","1|1","0|0","0|0","1|1","1|0","0|0","0|0","0|1","0|0","0|1","0|0","1|1","0|0","1|0","0|1","0|0","1|0","1|1","0|0","1|0","0|0","0|0","1|0","0|0","0|0","0|0","0|0","0|1","0|1","1|0","0|0","0|0","1|0","1|0","0|0","0|0","0|0","1|1","0|0","0|0","0|1","0|1","0|0","1|0","1|1","0|0","0|0","0|1","0|0","0|1","0|0","0|0","0|0","0|1","0|1","1|0","0|0","1|0","0|0","1|0","1|0","1|1","0|0","1|0","1|0","0|1","1|0","1|0","1|0","0|0","1|0","0|1","1|1","0|1","0|0","0|0","1|0","0|1","1|0"
7,37362887,"rs111796602","T","C","0|1","0|1","0|0","0|0","0|1","0|0","0|0","0|0","0|0","0|0","0|0","0|0","0|0","0|0","0|0","0|0","1|0","0|0","0|0","0|0","0|1","0|0","0|1","1|0","0|0","0|0","0|1","0|0","1|0","0|0","0|1","0|0","0|0","0|0","0|0","0|0","0|1","0|0","0|0","0|0","0|0","0|0","1|0","0|0","0|0","0|0","0|0","0|0","0|0","0|1","0|0","0|0","0|0","0|1","0|0","0|0","0|0","0|0","0|0","0|0","0|0","0|0","0|0","0|0","0|0","0|0","0|0","0|1","0|0","0|0","1|0","0|0","0|0","0|0","0|0","0|0","0|1","0|0","0|0","1|0","0|0","0|0","0|0","0|0","0|1","0|0","0|0","0|0","0|0","0|0","0|0","0|0","0|0","0|0","0|0","0|1","0|0","0|0","0|0","0|0","0|0","0|0","0|0","1|0","0|0","0|0","0|0","0|0","0|0","0|0","0|0","0|0","0|0","0|0","0|0","0|0","0|0","0|0","0|0","0|0","0|1","0|0","0|0","0|0","0|0","0|0","0|0","0|1","0|0","0|0","0|0","0|1","0|0","0|0","0|0","0|0","0|0","0|0","0|0","0|0","0|1","0|0","0|0","0|0","0|0","1|1","0|0","0|0","0|0","0|0","0|0","0|0","0|1","0|0","1|0","0|0","1|0","0|1","0|0","0|0","0|0","0|1","0|0","0|1","0|0","0|0","0|0","0|0","0|1","0|0","0|0","0|0","0|0","0|0","0|0","0|0","0|0","0|1","0|1","0|0","0|0","0|0","0|0","0|0","0|0","0|0","0|0","0|0","0|0","0|0","1|0","0|0","0|0","0|1","0|0","0|0","1|0","0|1","1|0","0|0","0|0","0|0","0|0","0|0","0|0","0|0","0|0","0|1","0|0","0|0","0|0","0|0","0|0","0|0","0|0","0|0","0|0","0|0","0|0","0|0","1|0","0|0","1|0","0|0","0|0","0|0","1|0","0|0","0|0","0|0","0|0","0|0","0|0","0|0","0|0","0|0","0|0","0|0","0|0","0|0","1|1","0|0","0|0","0|1","0|0","0|0","0|0","0|1","0|0","0|0","0|0","0|0","1|0","0|0","0|0","0|0","0|0","1|0","0|0","0|0","0|0","0|0","1|0","1|0","0|1","0|0","0|0","0|0","0|1","0|1","0|0","0|0","0|0","0|0","0|0","0|1","0|0","0|0","0|0","0|0","0|0","1|0","0|0","0|0","0|1","1|0","0|0","0|0","0|0","1|0","0|0","0|0","0|0","0|0","0|0","1|0","0|0","0|0","0|0","0|0","0|0","0|0","0|0","0|0","0|0","0|0","0|0","0|0","0|0","1|0","0|0","1|0","1|0","0|0","0|0","0|0","1|0","1|0","1|0","0|0","0|0","0|0","0|1","0|0","0|0","0|0","0|0","0|0","0|0","0|0","0|0","0|0","0|0","1|0","0|0","0|0","0|0","0|0","0|0","0|0","0|0","0|0","0|0","0|0","0|0","0|1","0|0","0|0","1|1","1|0","0|0","0|0","0|0","0|0","0|0","0|0","0|0","0|0","0|0","0|0","0|0","0|1","0|0","0|0","0|0","0|0","0|0","0|0","1|0","0|0","0|0","0|0","0|0","0|0","0|0","0|0","0|0"
9,114804733,"rs4979462","C","T","0|0","0|0","0|0","0|0","0|0","0|0","0|0","0|0","0|0","0|0","0|0","0|0","0|0","0|0","0|0","0|0","0|0","0|0","0|0","0|0","0|0","0|0","0|0","0|0","0|0","0|0","0|0","0|0","0|0","0|0","0|0","0|0","0|0","0|0","0|0","0|0","0|0","0|0","0|0","0|0","0|0","0|0","0|0","0|0","1|0","0|0","0|0","0|0","1|0","0|0","0|0","0|0","0|0","0|0","0|0","0|0","0|0","0|0","0|0","0|0","0|0","0|0","0|0","0|0","0|0","0|0","0|0","0|0","0|0","0|0","0|0","0|0","0|0","0|0","0|0","0|0","0|0","0|0","0|0","0|0","0|0","0|0","0|0","0|0","0|0","0|0","0|0","0|0","0|0","0|0","0|0","0|0","0|0","0|0","0|0","0|0","0|0","0|0","0|0","0|0","0|0","0|0","1|0","0|0","0|0","0|0","0|0","0|0","0|0","0|0","0|0","0|0","0|0","0|0","0|0","0|0","0|0","0|0","0|0","0|0","0|0","0|0","0|0","0|0","0|0","0|0","0|0","0|0","0|0","0|0","0|0","0|0","0|0","0|0","0|0","0|0","0|0","0|0","0|1","0|0","0|0","0|0","0|0","0|0","1|1","0|0","0|0","0|0","0|0","0|0","0|0","0|0","0|0","0|1","0|0","0|0","0|0","0|0","0|0","0|0","0|0","0|0","0|0","0|0","0|0","0|0","0|0","0|0","0|0","0|0","0|0","0|0","0|0","0|0","0|0","0|0","0|0","0|0","0|0","0|0","0|0","0|1","0|0","0|0","0|0","0|0","0|0","0|0","1|0","0|1","0|0","0|0","0|0","0|1","0|0","0|0","0|0","0|0","0|0","1|1","0|0","0|0","0|0","0|0","0|0","0|0","0|0","0|0","0|0","0|0","0|0","0|0","0|0","0|0","0|0","0|0","0|0","0|0","0|0","1|0","0|0","0|0","0|0","0|0","0|0","0|0","0|0","0|0","0|0","0|0","0|0","1|0","0|0","0|0","0|0","0|0","0|0","0|0","0|0","0|0","0|0","0|0","0|0","0|0","0|1","0|1","0|0","0|0","0|0","0|0","0|0","0|0","0|0","0|0","0|0","0|0","0|0","0|0","0|0","0|0","0|0","0|0","0|0","0|0","0|0","0|0","1|0","0|0","0|0","0|0","0|1","0|0","0|0","0|0","1|0","0|0","1|0","0|1","0|0","0|0","0|0","0|0","0|0","0|0","0|0","0|0","0|0","0|0","0|0","0|0","0|0","0|0","0|0","0|0","0|0","0|0","0|0","0|0","0|0","0|0","0|0","0|0","0|0","0|0","0|0","0|0","0|0","0|0","0|0","0|0","0|0","0|0","0|0","0|0","0|0","0|0","0|0","0|0","1|0","0|0","0|0","0|0","1|0","0|0","0|0","0|0","0|0","0|0","0|1","0|0","0|0","0|0","0|0","0|0","0|1","1|0","0|0","0|0","0|0","0|0","0|0","1|1","0|0","0|0","0|0","0|0","0|0","0|1","0|0","0|0","0|0","0|0","0|0","0|0","0|0","0|0","0|1","0|0","0|0","0|0","0|0","0|0","0|0","0|0","0|0","0|0","0|0","0|0","0|1","0|0","0|0","0|0","0|0","0|0","0|0","0|0","0|0"
9,114806766,"rs7848647","T","C","1|1","1|0","0|0","0|1","1|0","1|1","1|1","0|1","1|1","0|1","1|1","0|0","1|0","1|1","1|1","0|1","0|0","0|0","0|0","0|0","1|0","0|0","0|0","1|0","0|0","1|0","1|0","0|1","1|1","1|1","1|1","0|1","1|1","0|1","1|0","1|0","0|0","1|0","1|1","0|1","1|1","1|1","1|0","0|0","1|1","1|1","0|0","1|1","1|1","1|1","1|1","1|1","1|1","1|1","0|1","0|1","1|1","1|1","1|0","1|0","1|1","0|1","1|1","0|0","1|1","0|1","1|0","1|1","1|0","0|1","1|1","1|0","1|1","1|1","1|1","1|1","1|1","1|1","1|0","1|0","1|1","0|1","1|1","0|1","0|0","0|1","1|1","1|0","1|1","1|1","0|1","0|1","1|0","1|0","1|1","1|0","1|1","0|1","0|1","0|1","1|1","0|0","1|1","1|1","1|1","1|1","1|0","0|1","1|1","0|0","1|1","0|0","1|1","0|1","0|1","1|0","0|0","1|1","1|1","1|1","1|0","1|1","0|1","1|0","1|1","1|1","0|0","1|0","1|1","1|1","1|0","0|0","1|1","1|1","1|1","1|1","1|0","1|1","1|1","1|1","0|1","1|1","0|1","0|1","1|1","1|1","1|1","1|1","1|0","1|1","1|1","1|0","1|1","1|1","1|0","0|1","0|1","0|1","1|0","0|1","1|0","1|1","1|1","0|1","0|1","1|1","1|1","1|1","1|1","1|1","0|1","1|1","1|0","1|1","0|0","1|0","1|1","1|1","1|1","1|1","1|1","1|1","1|1","1|0","1|1","1|0","1|1","1|1","1|1","1|1","1|1","0|1","0|1","1|1","1|1","1|0","1|1","1|1","1|1","1|1","1|1","1|0","1|1","1|0","1|1","1|0","0|1","1|1","1|0","1|1","1|0","1|1","1|0","1|0","1|1","1|1","0|1","1|0","1|1","1|1","0|1","1|0","0|1","1|1","0|1","0|0","0|1","0|1","1|1","1|1","1|0","1|1","1|1","1|1","0|1","1|1","1|1","1|1","1|1","1|1","1|1","1|1","1|0","1|0","0|1","1|1","1|0","1|1","0|1","1|0","0|1","1|1","0|1","1|0","0|1","0|1","1|1","1|1","0|1","0|1","1|1","0|1","0|1","0|1","1|1","1|1","1|1","0|0","1|1","1|0","0|1","1|1","1|1","0|1","1|0","1|1","1|1","0|1","1|1","1|0","0|1","1|1","0|0","1|1","0|1","1|1","1|0","1|1","1|1","1|1","0|0","1|0","1|1","1|0","1|0","1|0","0|1","0|1","1|1","1|0","1|0","1|0","0|0","1|1","1|1","1|0","1|1","1|1","1|1","1|1","1|0","1|0","1|0","0|1","1|0","1|0","0|1","0|1","1|1","1|1","1|0","1|1","1|1","1|1","1|1","1|1","1|1","1|1","1|1","0|1","1|1","1|1","1|0","1|1","1|1","1|0","1|1","0|1","0|1","0|1","0|1","1|1","1|1","1|1","1|1","0|1","0|1","1|1","1|1","1|1","1|0","1|0","1|1","0|1","0|0","0|1","0|1","1|0","0|0","1|1","0|1","0|1","0|1","1|1","1|0","1|1","1|1","1|1","1|1","0|1","1|1","1|1","0|1","1|1","1|1","0|1","0|1"
9,114817177,"rs10817678","G","A","1|1","1|0","0|0","0|1","1|0","1|1","1|1","0|1","1|1","0|1","1|1","0|0","1|0","1|1","1|1","0|1","0|0","1|0","0|0","0|0","1|0","0|0","0|0","1|0","0|0","1|0","1|0","0|1","1|1","1|1","1|1","0|1","1|1","0|1","1|0","1|0","0|0","1|0","1|1","0|1","1|1","1|1","1|0","0|0","1|1","1|1","0|0","1|1","1|1","1|1","1|1","1|1","1|1","1|1","0|1","0|1","1|1","1|1","1|0","1|0","1|1","0|1","1|1","0|0","1|1","0|1","1|0","1|1","1|0","0|1","1|1","1|0","1|1","1|1","1|1","1|1","1|1","1|1","1|0","1|0","1|1","0|1","1|1","0|1","0|0","0|1","1|1","1|0","1|1","1|1","0|1","0|1","1|0","1|0","1|1","0|0","1|1","0|1","0|1","0|1","1|1","0|0","1|1","1|1","1|1","1|1","1|0","0|1","0|1","0|0","1|1","0|0","1|1","0|1","0|1","1|0","0|0","1|1","1|1","1|1","1|0","1|1","0|1","1|0","1|1","1|1","0|0","1|0","1|1","1|1","1|0","0|0","1|1","1|1","1|1","1|1","0|0","0|1","1|1","1|1","0|1","1|1","0|1","0|1","1|1","1|1","1|1","1|1","1|0","1|1","1|1","1|0","1|1","1|1","1|0","0|1","0|1","0|1","1|0","0|1","1|0","1|1","1|1","0|1","0|1","1|1","1|1","1|1","1|1","1|1","0|1","1|1","1|0","1|1","0|0","1|0","1|1","1|1","1|1","1|1","1|1","1|1","1|1","1|0","1|1","1|0","1|1","1|1","1|1","1|1","1|1","0|1","0|1","1|1","1|1","1|0","1|1","1|1","1|1","1|1","1|1","1|0","1|1","1|0","1|1","1|0","0|1","1|1","1|0","1|1","1|0","1|1","1|0","1|0","1|1","1|1","0|1","1|0","1|1","1|1","0|1","1|0","0|1","1|1","0|1","0|0","0|1","0|1","1|1","1|1","1|0","1|1","1|1","1|1","0|1","1|1","1|1","1|1","1|1","1|1","1|1","1|1","1|0","1|0","0|1","1|1","1|0","1|1","0|1","1|0","0|1","1|1","0|1","1|0","0|1","0|1","1|1","1|1","0|1","0|1","1|1","0|1","0|1","0|1","1|1","1|1","1|1","0|0","1|1","1|0","0|1","1|1","1|1","0|1","1|0","1|1","1|1","0|1","1|1","1|0","0|1","1|1","0|0","1|1","0|1","1|1","1|0","1|1","1|1","1|1","0|0","1|0","1|1","1|0","1|0","1|0","0|1","0|1","1|0","1|0","1|0","1|0","0|0","1|1","1|1","1|0","1|1","1|1","1|1","1|1","1|0","1|0","1|0","0|1","1|0","1|0","0|1","0|1","1|1","1|1","1|0","1|1","1|1","1|1","1|1","1|1","1|1","1|1","1|1","0|1","1|1","1|1","1|0","1|1","1|1","1|0","1|1","0|1","0|1","0|1","0|1","1|1","1|1","0|1","1|1","0|1","0|1","1|1","1|1","1|1","1|0","1|0","1|1","0|1","0|0","0|1","0|1","1|0","0|0","1|1","0|1","0|1","0|1","1|1","1|0","1|1","1|1","1|1","1|1","0|1","1|1","1|1","0|1","1|1","1|1","0|1","0|1"
10,31101198,"rs1891621","A","G","1|1","0|1","1|1","1|0","0|0","1|0","0|1","0|0","0|1","0|0","0|0","0|1","0|0","0|0","1|0","0|1","1|1","0|1","1|1","0|0","1|1","0|1","1|1","1|1","1|1","0|1","0|0","1|1","1|0","1|0","0|1","1|1","1|1","1|1","0|1","1|1","1|0","1|1","0|1","0|0","0|0","1|0","0|1","0|1","1|1","1|0","0|1","1|0","1|0","0|0","0|0","1|1","0|0","0|0","1|0","0|0","0|0","0|1","0|0","1|1","0|1","0|0","0|0","0|1","0|1","0|0","0|0","1|0","0|0","0|0","1|0","0|0","1|0","0|1","0|1","0|1","0|1","1|0","0|0","0|0","1|1","0|0","1|1","0|1","0|0","0|0","0|0","1|1","1|1","0|1","0|1","1|0","0|0","1|1","0|1","0|1","0|1","0|0","0|1","1|0","0|1","1|0","0|1","0|0","0|1","0|0","1|1","0|0","1|0","0|0","0|0","1|1","1|1","0|1","0|1","1|0","1|1","0|0","0|1","0|0","0|1","1|1","0|1","1|1","0|1","1|0","0|0","0|1","0|0","0|0","1|0","0|1","0|1","1|1","0|0","1|1","1|1","1|1","1|0","1|0","0|1","0|1","1|0","1|1","0|1","0|1","0|0","0|1","0|0","1|0","0|0","0|1","1|0","0|1","0|0","1|0","0|1","1|1","0|1","0|0","0|0","1|1","0|0","1|0","1|0","1|1","1|0","0|1","0|0","0|1","0|0","1|0","1|1","1|1","1|1","0|0","1|0","0|1","1|0","0|1","1|1","0|0","1|1","1|1","0|1","0|1","1|0","0|0","0|1","1|0","1|1","0|1","0|1","0|0","0|0","0|0","0|1","0|1","0|0","1|1","1|0","1|0","0|1","0|0","0|1","0|0","1|0","0|0","1|1","0|0","0|0","1|0","0|0","0|0","1|0","1|1","1|1","1|1","0|0","0|1","0|0","1|1","1|0","0|1","1|0","1|0","0|0","1|0","0|1","0|0","1|0","1|0","0|1","0|0","0|0","0|0","1|1","0|0","0|0","0|0","1|0","0|0","1|0","0|1","1|0","0|1","1|1","1|0","1|1","0|0","0|0","0|1","1|1","0|0","1|1","0|0","0|1","1|1","0|1","0|0","1|1","1|0","1|0","0|1","0|0","0|1","0|1","1|1","1|1","1|1","0|0","0|1","0|0","0|1","1|0","1|0","0|0","1|1","0|0","1|0","0|1","1|0","1|0","1|0","1|1","0|0","1|0","0|0","1|1","1|1","1|1","1|1","0|0","0|1","0|1","0|0","1|0","0|0","1|0","0|1","1|1","0|1","0|0","0|1","0|0","1|0","1|0","0|1","0|1","0|1","0|0","1|1","0|1","1|0","0|1","1|0","0|0","0|1","1|1","1|1","1|1","1|1","1|1","1|0","0|1","1|1","1|0","0|1","0|1","1|1","1|0","1|0","1|0","1|1","0|0","1|1","1|1","1|0","0|1","1|1","1|1","1|0","0|1","0|1","1|1","1|0","1|0","0|1","0|1","0|0","1|0","0|0","1|0","1|1","1|1","1|0","1|0","1|0","0|1","1|0","0|0","0|1","0|1","0|1","0|1","0|1","1|1","1|1","0|1","0|0","1|0","1|1","1|1","1|1","0|0","1|0","1|0"
10,97412169,"rs6584128","T","G","0|1","0|0","0|0","0|1","1|0","1|0","0|1","1|1","0|1","1|0","1|0","1|0","0|0","0|0","0|1","1|0","0|1","1|0","0|0","0|1","0|0","0|0","1|1","1|0","1|0","0|0","1|1","0|0","1|1","1|0","0|1","0|0","1|0","1|1","1|0","0|0","0|1","0|1","0|0","0|0","0|0","0|1","1|0","0|1","1|0","0|1","0|0","0|1","0|1","1|0","0|0","0|0","1|1","0|1","0|0","0|1","0|1","0|1","1|1","0|0","1|1","0|1","0|1","0|0","0|0","0|0","0|1","0|1","0|0","0|0","0|0","0|1","0|0","0|0","1|0","0|1","0|1","0|0","1|0","0|1","0|0","0|0","0|0","0|0","0|0","0|0","0|0","1|0","1|1","0|0","0|1","0|0","1|0","0|1","1|0","0|1","0|0","1|1","1|1","0|1","1|0","0|0","1|0","0|0","0|1","0|1","1|0","0|0","1|0","0|1","1|0","0|1","0|1","0|0","0|0","0|0","1|0","0|0","1|0","0|0","0|0","0|0","1|1","0|0","0|0","1|0","0|0","0|0","1|1","0|1","0|0","0|0","1|0","1|0","1|0","0|1","0|0","0|0","0|1","0|0","1|0","0|0","1|1","0|1","1|0","1|0","0|0","0|1","1|0","0|0","0|0","1|0","0|0","1|1","0|0","0|0","1|1","0|1","0|0","0|0","0|1","0|1","1|1","0|1","1|1","1|1","0|1","0|0","1|0","0|0","0|1","0|0","0|0","0|0","1|1","1|1","0|0","0|0","1|0","0|1","0|0","0|1","1|0","0|0","0|0","0|0","1|1","0|0","1|0","1|1","0|0","0|1","0|1","1|0","0|0","0|1","0|0","0|0","1|0","0|1","1|0","0|1","0|0","0|0","0|0","0|0","1|0","0|1","1|0","0|0","1|0","0|1","0|0","0|0","0|0","0|0","1|0","0|0","1|1","0|1","1|0","1|0","1|0","1|0","1|0","1|1","1|1","0|0","0|0","0|1","0|1","0|0","0|0","0|0","1|0","1|1","0|0","0|1","0|1","1|1","0|1","1|1","1|0","1|0","0|0","0|1","0|0","1|1","0|0","1|1","1|0","1|1","0|1","0|0","0|1","1|0","1|0","0|0","0|1","0|1","0|0","0|1","0|0","0|0","1|0","0|1","1|0","0|1","1|0","0|1","1|1","1|1","0|0","1|0","0|1","0|0","1|0","0|0","0|0","0|0","1|0","1|0","1|0","1|0","1|0","1|0","0|1","0|1","1|0","1|0","0|1","1|1","1|0","1|1","0|0","0|1","0|0","0|0","0|0","0|0","0|0","1|1","0|1","1|0","0|0","1|0","0|1","0|0","1|1","0|0","1|1","0|0","0|0","0|1","1|0","0|0","0|0","0|0","0|1","1|0","0|0","0|0","0|1","0|0","1|0","1|0","1|0","0|0","0|0","1|0","0|1","0|0","1|0","0|1","0|1","1|0","1|1","1|1","1|0","0|0","1|0","1|0","0|0","0|0","0|1","0|1","1|1","1|0","1|1","1|1","1|1","0|0","1|0","1|0","1|1","0|0","0|0","1|0","0|1","0|1","1|0","0|1","0|1","0|1","1|0","0|0","1|0","0|0","1|0","1|0","0|0","0|0","0|0","1|1","0|0","0|1","1|1"
11,32389228,"rs1799937","A","G","0|0","0|0","0|0","1|0","1|0","1|1","0|1","0|0","0|0","0|0","0|0","0|1","0|0","1|0","0|0","1|1","0|0","1|0","1|0","0|0","0|0","1|0","0|0","0|0","0|0","0|0","0|1","0|0","0|0","1|1","0|0","0|1","0|1","0|0","1|0","1|0","0|1","1|0","0|0","0|0","0|1","1|1","0|0","0|0","0|0","0|0","0|0","0|0","1|1","0|0","0|1","0|1","1|0","0|0","0|0","0|1","1|0","1|1","0|0","1|0","0|1","0|0","0|0","1|0","0|0","0|1","0|0","0|0","0|0","0|1","0|1","1|1","0|0","1|0","1|0","0|1","1|0","0|0","0|0","0|0","0|0","0|0","0|0","0|0","0|0","0|0","0|0","0|0","0|1","0|0","0|0","0|0","0|0","1|0","0|0","0|1","0|1","0|1","0|0","1|0","0|0","1|1","0|1","1|1","0|0","0|0","0|0","1|0","0|0","0|0","1|0","0|1","0|0","1|0","1|0","1|0","1|1","1|0","0|0","1|0","0|0","0|0","1|1","0|1","0|1","0|0","1|0","0|0","1|1","0|0","0|1","1|0","0|0","1|0","1|1","0|1","0|0","0|1","0|1","0|0","0|0","1|0","0|0","0|0","1|0","0|0","0|0","0|0","1|1","0|0","0|0","0|0","0|1","0|0","1|0","0|0","1|0","0|0","0|1","1|1","1|1","0|1","0|0","1|0","0|0","0|0","0|1","0|0","0|0","1|1","0|0","0|0","1|0","0|0","0|1","0|0","1|0","0|0","1|0","1|1","0|1","1|0","0|0","1|1","0|1","1|1","0|0","0|0","1|1","1|0","0|1","0|0","0|0","1|1","0|1","1|1","1|1","0|0","0|0","1|1","0|0","0|0","0|1","0|0","0|0","1|1","0|0","1|0","0|0","1|0","0|1","0|0","0|0","0|0","0|0","0|1","1|1","1|0","0|0","0|0","0|0","0|0","0|0","1|1","1|0","1|0","1|1","0|0","0|1","0|0","0|1","0|0","1|0","0|1","0|0","1|0","0|0","1|1","0|0","0|0","0|0","0|1","0|1","0|1","1|0","1|0","1|0","0|0","0|0","0|0","1|0","0|1","0|0","0|1","0|1","1|1","0|0","1|1","0|0","1|0","0|0","1|1","1|0","0|0","0|0","0|1","0|0","0|0","0|1","0|0","0|0","1|1","0|0","1|1","0|0","1|0","1|1","1|0","0|0","1|0","0|1","1|0","0|0","0|0","0|0","0|0","0|1","1|1","1|0","1|1","0|0","0|1","0|0","0|0","0|0","0|0","0|0","0|1","0|1","0|0","1|1","1|1","1|0","0|1","0|1","0|0","0|0","0|0","1|1","0|0","0|0","1|0","0|1","0|0","0|0","0|0","0|0","0|1","0|1","1|0","0|0","1|0","0|0","0|0","1|0","0|0","1|0","0|1","0|1","1|0","1|1","1|1","1|0","0|1","1|1","1|1","0|0","0|1","0|0","1|1","1|0","1|1","1|0","0|0","0|0","1|1","0|1","1|0","0|0","0|1","0|0","0|0","0|0","1|1","0|0","0|0","1|0","0|1","0|0","0|0","1|0","0|0","0|0","0|0","1|0","0|0","0|1","1|1","0|0","0|0","1|0","1|1","0|0","1|0","0|0","0|1","1|1"
11,32436129,"rs2301254","A","G","0|0","1|0","0|0","1|0","1|0","1|1","1|1","0|0","0|0","1|0","0|1","1|1","0|0","1|0","0|0","1|1","0|0","1|0","1|0","0|0","0|0","1|0","0|0","0|1","0|0","0|1","0|1","0|1","0|0","1|1","0|0","0|1","0|1","0|0","1|1","1|0","0|1","1|0","0|0","0|1","1|1","1|1","1|1","0|0","0|0","0|0","0|0","0|1","1|1","0|1","0|1","0|1","1|0","1|0","0|0","0|1","1|0","1|1","0|0","1|0","1|0","1|0","0|0","1|1","0|0","0|1","0|0","0|0","0|0","0|1","0|1","1|1","1|0","1|0","0|0","1|1","1|0","0|0","0|0","0|1","0|0","0|0","0|0","0|0","0|0","1|0","1|0","0|0","1|1","1|0","0|0","0|0","0|1","1|0","1|1","0|0","0|1","0|0","0|0","1|0","0|0","1|1","0|1","1|1","0|1","0|1","0|0","1|0","0|0","1|0","0|0","0|1","1|0","1|1","1|0","1|0","1|1","1|1","0|1","1|0","1|0","0|0","0|1","0|1","0|1","0|0","1|0","1|0","1|1","0|0","0|1","1|1","0|0","0|1","1|0","1|1","0|0","0|1","1|1","1|0","0|1","1|0","1|0","0|1","1|1","1|1","0|1","0|0","1|1","0|0","1|1","0|0","0|0","0|0","1|0","0|0","1|0","0|0","0|1","1|1","1|1","0|1","0|0","1|0","0|0","0|0","1|1","0|0","0|0","1|1","0|0","0|0","1|0","0|0","0|1","0|0","1|0","0|0","1|0","1|1","1|1","1|1","0|1","1|1","0|1","1|1","1|0","1|0","1|1","1|1","0|1","0|0","0|0","1|1","0|1","1|1","1|1","0|0","1|0","1|1","0|0","0|0","1|1","0|0","0|0","1|1","0|0","1|0","0|1","1|0","0|1","1|0","1|0","0|0","0|0","0|1","1|1","1|0","0|0","0|0","0|1","0|0","0|0","0|1","0|0","1|0","1|1","1|0","1|1","0|0","0|1","1|0","0|0","0|1","1|0","1|0","0|1","1|1","1|0","0|0","1|0","0|1","1|1","0|1","1|0","1|1","1|0","1|0","0|0","1|0","1|0","0|1","1|0","0|1","0|1","1|0","0|0","1|1","0|0","1|0","1|0","1|1","0|1","0|0","0|0","0|1","0|1","0|0","1|1","0|1","1|1","1|1","0|0","1|0","0|0","1|0","1|1","1|0","1|0","1|0","0|1","0|0","0|0","0|0","0|0","1|0","0|1","1|1","1|0","1|1","0|0","0|1","0|0","0|0","1|0","0|0","0|0","0|1","0|1","0|1","1|1","1|1","1|0","0|1","0|1","0|0","0|0","1|0","0|1","0|0","0|0","1|0","1|1","0|0","0|0","1|0","0|0","0|1","1|1","0|1","1|0","1|0","1|0","0|0","1|0","0|0","1|1","1|1","1|1","1|1","0|1","1|0","1|0","1|1","1|1","1|1","0|0","1|1","0|0","1|1","1|0","1|1","1|1","0|0","1|1","0|1","0|1","1|1","0|0","0|1","0|1","0|0","0|0","1|1","1|0","0|1","1|1","0|1","0|0","1|0","0|0","0|0","0|0","0|0","0|0","0|0","0|1","1|1","0|1","0|1","1|0","1|1","0|0","1|1","0|1","0|1","1|1"
11,32438918,"rs6508","G","A","0|0","0|0","0|0","0|0","0|0","0|0","1|0","0|0","0|0","0|0","0|1","0|0","0|0","0|0","0|0","0|0","0|0","0|0","0|0","0|0","0|0","0|0","0|0","0|1","0|0","0|1","0|0","0|0","0|0","0|0","0|0","0|0","0|0","0|0","0|0","0|0","0|0","0|0","0|0","0|1","0|0","0|0","0|0","0|0","0|0","0|0","0|0","0|0","0|1","0|0","0|0","0|0","0|0","1|0","0|0","0|0","0|0","0|0","0|0","0|0","1|1","1|0","0|0","0|1","0|0","0|0","0|0","0|0","0|0","0|0","0|0","0|0","0|0","0|0","0|0","1|0","0|0","0|0","0|0","0|1","0|0","0|0","0|0","0|0","0|0","1|0","1|0","0|0","0|0","1|0","0|0","0|0","0|0","0|0","1|0","0|0","0|0","0|0","0|0","0|0","0|0","0|0","0|0","0|0","0|0","0|1","0|0","0|0","0|0","0|0","0|0","0|0","0|0","0|0","0|0","0|0","0|0","0|1","0|1","0|0","0|0","0|0","0|0","0|0","0|0","0|0","0|0","1|0","0|0","0|0","0|0","0|0","0|0","0|0","0|0","0|0","0|0","0|0","1|0","0|0","0|0","0|0","1|0","0|0","0|0","0|1","0|1","0|0","0|0","0|0","1|1","0|0","0|0","0|0","0|0","0|0","0|0","0|0","0|0","0|0","0|0","0|0","0|0","0|0","0|0","0|0","0|0","0|0","0|0","0|0","0|0","0|0","0|0","0|0","0|0","0|0","0|0","0|0","0|0","0|0","0|0","1|1","0|0","0|0","0|0","0|0","1|0","0|0","1|1","0|0","0|0","0|0","0|0","1|0","0|0","0|0","1|1","0|0","0|0","0|0","0|0","0|0","0|0","0|0","0|0","0|0","0|0","0|0","0|1","0|0","0|0","0|0","0|0","0|0","0|0","0|0","0|0","0|0","0|0","0|0","0|1","0|0","0|0","0|0","0|0","0|0","0|0","0|0","1|0","0|0","0|0","0|0","0|0","0|0","0|0","0|0","0|1","0|1","0|0","0|0","1|0","0|0","1|0","0|0","0|0","0|0","0|0","0|0","0|0","1|0","0|0","0|0","0|0","0|0","0|0","0|0","0|0","0|0","0|0","0|0","0|0","0|0","0|0","0|0","0|0","0|0","0|0","0|0","0|0","0|1","0|1","0|1","0|0","0|0","0|0","0|0","1|1","0|0","1|0","0|0","0|0","0|0","0|0","0|0","0|0","0|0","0|0","0|0","0|0","1|0","0|0","0|0","0|0","0|0","0|0","0|1","0|0","0|0","0|0","0|0","0|0","0|0","0|0","0|0","0|0","0|0","0|0","1|0","0|0","0|0","0|0","0|0","0|0","0|0","0|0","1|0","0|0","0|0","0|1","0|0","1|0","0|0","0|0","0|0","0|0","0|0","0|0","0|0","0|0","0|0","0|0","0|0","0|0","1|0","1|0","0|0","0|1","0|1","0|0","0|0","0|0","1|1","0|0","0|0","0|0","0|0","0|0","0|0","0|0","0|0","0|0","0|0","0|0","0|0","0|0","0|0","0|0","0|0","0|0","0|0","0|0","0|0","0|0","0|0","1|0","0|0","0|0","0|0","0|1","0|0","0|0","0|0","0|0","0|1","0|1","0|0","0|0"
12,8938296,"rs1805732","C","T","0|0","1|1","0|0","0|0","0|0","1|1","0|1","0|1","0|0","0|1","1|0","0|0","0|0","0|1","0|1","0|0","0|1","0|0","0|1","0|0","1|0","1|0","0|1","0|0","1|0","0|0","1|1","1|0","0|0","1|1","1|1","0|0","0|1","1|1","0|1","1|1","0|1","0|1","1|0","1|0","1|1","0|0","0|0","0|1","0|0","0|1","1|0","0|0","0|0","0|0","1|1","0|0","1|1","0|1","0|0","1|1","1|0","0|0","1|1","0|0","0|0","0|0","0|1","0|0","1|0","0|1","0|1","1|0","0|0","1|0","1|0","1|1","0|0","0|1","1|0","1|0","0|0","0|1","0|0","0|1","1|1","1|0","1|0","0|1","1|0","1|0","0|1","1|1","1|0","0|0","1|1","0|1","1|0","1|1","1|1","0|0","0|1","1|1","0|0","0|0","0|0","0|0","0|0","1|0","0|0","0|0","0|1","1|1","1|0","1|0","0|1","0|1","0|0","0|0","1|1","0|1","0|1","0|1","1|0","0|0","1|1","1|1","0|0","0|1","0|0","0|1","0|0","0|1","0|0","1|1","0|1","1|1","0|0","1|0","1|0","1|1","1|0","1|1","0|0","0|0","0|0","1|0","1|0","0|0","0|0","1|1","1|1","1|0","0|0","1|1","0|0","1|1","1|0","0|1","0|1","0|0","0|1","0|1","0|0","1|1","1|0","0|0","1|0","0|1","0|0","0|0","0|1","1|0","0|0","0|0","0|1","0|0","0|0","1|0","0|1","1|1","0|1","0|0","1|0","1|0","1|1","0|0","1|1","1|0","1|1","0|1","0|0","0|1","0|0","0|0","0|1","0|0","0|1","0|0","0|1","1|0","0|0","1|1","0|0","1|0","1|1","1|1","1|1","0|1","0|1","0|0","1|0","1|1","1|1","1|0","1|1","0|1","1|1","1|1","0|0","1|0","0|1","0|1","0|1","0|0","0|0","0|1","0|1","1|1","0|0","0|1","0|1","0|1","1|0","0|1","0|0","0|0","1|1","0|1","0|0","1|1","0|0","0|0","0|0","0|1","1|1","0|0","1|0","1|1","0|0","1|0","0|0","1|1","0|1","0|1","1|0","1|0","0|0","1|0","0|1","1|0","0|0","0|0","0|0","0|0","0|0","0|0","0|1","0|0","0|1","1|0","0|1","0|0","1|0","0|1","0|0","0|1","0|0","1|0","1|0","0|1","0|0","0|0","0|0","1|0","0|1","0|0","0|0","0|0","1|0","1|0","0|1","1|0","0|1","0|0","0|1","1|0","0|0","1|0","0|1","0|0","1|1","1|1","0|0","0|0","1|1","0|0","0|0","1|1","1|1","1|1","0|0","1|1","0|0","0|0","0|1","0|1","0|0","1|1","1|1","0|0","0|0","0|0","0|1","0|1","0|0","0|1","1|0","1|0","0|0","1|1","0|0","1|1","1|0","1|1","1|0","1|1","1|0","0|0","0|0","0|0","0|0","0|0","1|0","0|0","1|1","0|0","1|0","0|0","0|1","1|1","1|1","0|0","0|0","1|0","1|0","0|0","0|0","0|0","1|1","0|1","0|0","1|0","1|0","1|0","0|1","0|0","0|0","1|1","1|0","0|0","1|1","0|0","0|1","1|1","1|1","0|0","1|1","1|0","1|0","0|0","0|0"
13,91551559,"rs16946160","G","A","0|1","0|0","0|0","1|0","0|0","0|0","0|1","0|0","0|0","0|0","0|0","0|0","0|0","0|0","0|0","0|0","0|0","0|0","0|0","0|0","0|0","0|0","0|0","0|0","0|0","0|0","0|0","0|0","0|0","0|0","0|0","0|0","0|0","0|0","0|0","0|0","0|0","0|0","0|0","0|0","0|0","0|0","0|1","0|0","0|0","0|0","0|0","0|0","0|0","0|1","0|0","0|0","0|0","0|0","0|0","0|1","0|0","0|0","0|0","0|0","0|0","0|0","0|0","0|1","0|0","0|0","1|0","0|0","0|0","0|0","0|0","0|0","0|0","0|0","0|0","0|0","0|0","0|0","0|0","0|0","0|0","0|0","0|0","0|0","0|0","0|0","0|0","0|0","0|0","0|0","0|0","0|0","0|0","0|0","0|0","0|0","0|0","0|0","1|0","0|0","0|0","1|0","0|0","0|0","0|0","0|0","0|0","0|0","0|0","0|0","0|0","0|0","0|1","0|0","0|0","0|0","0|0","0|0","0|0","0|0","0|0","0|0","0|0","0|0","0|0","0|0","0|0","0|0","0|0","0|0","0|0","0|0","0|0","0|0","0|0","0|0","0|0","0|0","1|0","0|0","0|0","0|0","0|0","0|0","0|0","0|0","0|0","0|0","0|0","0|0","0|0","0|0","0|0","1|0","0|0","0|0","0|0","0|0","0|0","0|0","0|0","0|0","0|0","0|1","0|0","0|1","0|0","0|0","0|0","0|0","0|0","0|0","0|0","0|0","0|0","0|0","0|0","0|0","0|0","0|0","0|0","0|0","0|0","0|0","0|0","1|1","0|0","0|0","0|0","0|1","0|1","0|0","0|0","0|0","0|0","1|0","1|0","0|0","0|0","1|1","0|0","0|0","0|0","0|0","0|0","0|0","0|0","1|0","0|0","0|0","1|0","0|0","0|0","0|0","0|0","0|0","0|0","0|0","0|0","0|0","0|0","0|0","0|0","0|0","0|0","0|0","0|0","0|0","0|0","0|0","1|0","1|0","0|0","0|0","0|0","0|0","0|0","0|0","0|0","0|0","0|0","0|1","1|0","0|0","0|0","0|0","0|0","0|0","1|0","0|0","0|0","0|0","0|0","0|0","0|0","0|0","0|0","0|0","0|0","0|0","0|0","0|1","0|1","0|0","0|0","0|0","0|1","1|0","0|0","0|0","1|0","0|0","0|1","1|0","0|0","0|0","0|1","0|0","0|0","0|0","0|1","0|0","0|0","0|0","0|0","0|0","0|0","0|1","0|0","0|0","0|0","0|0","0|0","0|0","0|0","0|1","0|0","0|0","0|0","0|0","0|0","0|0","0|0","0|0","0|0","0|1","0|0","0|0","0|0","0|0","0|0","0|0","0|0","0|1","0|0","0|0","0|0","0|0","0|1","0|0","0|0","0|0","0|0","0|0","1|1","0|0","0|0","0|0","0|0","0|0","0|0","0|0","0|0","0|0","0|0","1|0","0|1","0|0","0|0","0|0","0|0","0|1","0|0","0|0","1|0","0|0","0|0","0|0","0|0","0|0","0|0","0|0","0|0","0|0","0|0","0|0","1|1","0|0","0|0","0|0","0|0","0|0","0|0","0|0","0|0","0|0","0|0","0|0","0|1","0|0","0|0","0|0","0|0","0|0","0|0","0|0","0|0"
16,10998462,"rs8062322","C","A","0|1","1|1","0|0","0|0","0|1","0|1","0|1","0|1","0|0","0|0","1|0","1|0","0|1","1|0","0|0","0|0","0|1","1|0","0|0","1|0","0|0","0|0","0|0","0|0","0|0","0|0","1|0","0|1","0|0","0|0","0|0","0|1","1|1","0|1","0|1","0|0","0|0","0|0","0|0","0|1","0|1","1|0","0|1","0|0","1|1","1|1","0|1","1|0","1|1","0|1","0|0","0|0","1|1","0|1","0|0","1|1","0|0","0|1","1|0","0|0","0|0","0|0","0|1","0|0","0|0","0|1","0|0","1|1","0|0","1|1","0|1","0|1","0|1","0|0","0|0","0|0","0|0","0|0","0|1","1|1","0|0","0|0","0|0","0|1","1|0","0|1","0|1","0|1","0|1","0|0","1|1","1|0","1|0","1|0","0|1","0|1","0|1","0|1","0|0","0|0","0|0","0|0","1|0","0|0","0|0","0|0","0|0","0|0","1|0","0|0","1|0","0|0","0|0","0|0","1|0","1|0","0|0","0|0","1|1","0|0","0|1","1|0","1|0","0|0","0|0","0|0","0|0","0|0","1|1","0|0","0|0","0|0","1|0","0|0","0|0","0|0","1|0","1|0","0|0","0|0","0|0","0|1","1|1","0|0","0|1","0|1","1|0","1|1","0|0","0|0","1|0","1|1","1|1","1|0","0|0","1|0","1|1","0|0","0|1","0|0","0|0","0|0","0|0","0|0","0|1","1|0","0|0","0|1","0|1","0|0","0|0","1|1","0|0","0|0","0|1","1|0","1|0","0|0","0|0","0|1","0|0","1|1","1|0","0|1","1|1","0|0","1|1","1|0","0|0","0|0","0|0","0|0","0|1","0|0","0|1","1|1","0|0","1|0","1|0","0|0","1|1","1|0","0|0","1|0","1|1","0|0","0|0","0|1","0|0","0|0","1|0","0|0","1|1","0|0","0|1","0|0","0|0","1|0","0|0","0|0","0|0","0|0","0|0","0|0","0|0","1|1","0|0","0|0","1|0","0|0","0|1","1|1","0|1","1|0","0|1","0|1","1|1","0|0","0|0","0|1","0|0","0|0","0|0","1|0","0|0","0|0","0|1","0|0","1|0","0|1","0|0","1|0","1|0","0|1","0|1","1|0","1|1","0|1","0|0","0|0","0|1","0|1","1|0","0|1","0|0","1|0","0|1","1|1","0|0","1|0","1|0","1|0","0|0","0|0","0|0","0|0","0|0","0|0","0|1","0|0","0|0","1|0","0|1","0|0","0|1","0|0","1|1","0|1","1|0","0|0","0|1","1|0","1|0","0|0","1|0","0|1","0|0","0|1","0|1","0|1","1|0","0|0","1|1","0|0","1|0","0|1","0|0","0|0","0|1","1|0","0|0","0|1","0|0","0|1","0|0","0|0","1|1","1|0","0|1","0|0","0|0","0|0","1|1","0|0","0|0","1|0","1|1","1|0","0|1","1|1","1|1","0|0","1|0","0|0","1|0","1|0","0|1","0|1","1|1","0|1","1|1","1|0","0|0","0|1","0|1","0|0","1|0","0|1","0|0","1|0","0|1","0|0","0|0","0|1","0|0","0|0","0|0","0|0","0|0","0|0","1|0","1|0","0|0","0|0","1|1","1|0","1|0","0|0","0|1","0|0","0|0","0|0","0|1","0|0","0|0","0|1","0|0"
17,39917715,"rs9303279","G","C","1|0","1|1","0|0","1|1","0|1","0|0","0|0","1|0","1|0","1|1","1|0","0|1","1|0","1|1","1|1","0|1","0|0","0|1","0|1","0|0","1|1","1|0","1|0","1|0","1|0","0|1","1|1","1|0","1|0","0|1","1|1","1|0","1|0","0|0","1|0","1|1","1|1","1|0","0|0","1|0","0|0","1|1","0|0","0|1","0|0","1|0","1|1","1|1","0|1","1|1","1|1","1|1","0|0","1|0","0|0","1|1","1|0","1|1","1|1","0|1","1|1","0|1","0|1","0|1","0|1","0|1","1|1","0|0","0|1","0|0","0|1","1|0","1|1","0|0","0|0","0|0","1|0","0|1","0|0","1|0","1|0","0|1","1|0","1|1","0|1","1|0","1|1","1|1","0|0","0|1","1|1","1|1","1|0","1|0","1|1","0|1","1|1","1|1","1|0","0|1","0|0","0|1","0|1","1|0","0|0","1|0","1|1","1|1","0|1","0|1","0|0","0|1","0|1","0|0","1|1","1|1","0|0","1|0","0|0","1|1","0|0","0|1","0|1","1|1","0|0","1|1","1|1","1|0","1|1","1|1","0|1","1|1","1|0","0|1","1|1","0|0","0|1","0|1","1|1","0|1","0|0","0|0","1|1","0|0","1|1","1|1","1|0","1|1","1|1","0|0","1|1","0|1","1|1","0|0","1|1","0|1","1|1","1|1","1|0","1|1","1|1","0|0","0|0","1|1","1|1","1|0","1|1","1|1","1|1","0|0","0|0","0|0","0|0","0|1","1|0","0|0","0|0","1|1","1|0","0|0","1|1","1|1","0|1","0|1","1|0","0|1","1|1","1|1","1|1","1|1","1|1","0|1","1|0","1|1","1|0","0|1","1|1","1|1","1|1","1|1","0|0","0|1","1|0","0|0","1|0","1|1","1|0","1|0","0|1","0|1","0|0","0|0","0|0","0|0","1|1","1|1","1|1","0|1","1|1","0|0","1|0","1|1","1|0","1|1","1|1","0|1","1|0","0|1","0|1","1|0","1|0","1|1","1|1","1|0","1|1","0|0","0|1","1|1","1|0","0|1","1|1","0|0","0|1","0|1","0|1","1|1","1|1","1|1","1|1","0|0","0|0","0|1","0|1","0|1","1|0","0|1","0|1","1|1","0|1","1|1","1|1","1|1","1|1","1|1","1|0","1|1","1|0","0|0","1|1","0|1","1|1","1|1","0|0","1|1","1|1","0|1","1|1","1|1","0|0","0|1","0|1","0|0","1|0","0|1","1|0","1|1","0|1","0|1","0|1","0|0","0|1","1|1","1|0","1|0","0|0","1|0","0|0","1|1","0|0","0|1","0|0","0|1","0|0","0|1","0|0","1|1","1|1","0|1","1|1","1|0","1|1","1|1","1|0","1|0","1|0","1|1","0|1","0|0","1|1","1|1","0|1","1|1","0|1","1|1","0|1","0|1","1|1","0|0","0|1","0|0","0|1","0|1","1|0","0|1","1|1","1|1","1|1","1|1","0|1","0|1","0|0","1|1","1|0","1|0","1|1","1|0","1|1","1|1","0|1","0|0","1|1","1|1","0|0","0|1","0|1","1|0","1|0","0|0","1|0","1|1","0|1","0|1","1|1","0|1","1|1","0|1","1|0","1|1","1|1","0|1","1|0","1|1","1|1","1|0","1|0","0|1","1|0"
19,36885928,"rs34217742","T","A","0|0","0|0","0|0","0|0","0|0","0|0","0|0","0|0","0|0","0|0","0|0","0|0","0|0","1|1","0|0","0|0","0|0","0|0","0|0","0|0","0|1","0|0","0|0","0|1","0|0","0|0","0|0","0|0","0|0","0|0","0|0","0|0","1|1","0|0","0|0","0|1","0|0","0|0","0|0","0|0","0|0","0|0","0|0","0|0","0|0","0|0","0|0","0|0","0|0","0|0","0|0","0|0","0|0","0|1","0|1","0|0","0|0","0|0","1|0","1|0","0|0","0|0","0|0","0|1","0|0","0|0","0|0","0|0","0|0","1|0","0|0","0|0","0|0","1|1","0|0","0|0","0|0","0|0","0|1","0|0","0|0","0|0","0|0","0|0","0|0","0|0","0|0","0|0","0|0","0|1","0|0","1|0","0|0","0|0","0|0","0|0","1|0","0|0","0|0","0|0","0|0","0|0","0|0","0|0","0|0","0|1","0|1","0|0","0|0","0|1","0|0","0|0","0|0","0|1","0|0","0|0","0|0","0|1","0|0","0|0","0|0","0|0","0|0","1|0","0|0","0|0","0|0","0|0","0|0","1|0","0|0","0|0","0|0","0|0","0|0","0|0","0|0","0|0","0|0","1|0","0|0","0|1","0|0","1|0","0|0","0|0","0|1","1|0","0|0","0|0","0|0","0|0","0|0","0|0","0|0","0|0","0|0","0|0","0|0","0|0","0|0","0|0","0|0","0|0","0|0","0|0","0|0","0|0","0|0","0|0","0|1","1|0","0|0","0|1","0|0","0|0","1|0","0|0","0|0","0|0","0|0","0|0","0|0","1|0","0|0","0|0","0|0","0|0","0|0","0|0","0|1","0|0","0|0","0|0","0|1","0|0","0|0","1|0","0|0","0|0","0|1","0|0","0|0","0|0","1|0","0|0","1|0","0|0","0|1","0|0","0|0","1|0","0|0","0|0","1|0","0|0","0|0","0|0","0|0","0|0","0|1","0|0","0|0","0|1","0|0","0|1","0|0","0|0","0|0","0|0","0|0","0|0","0|0","0|1","0|0","1|0","0|0","0|0","0|0","0|0","0|0","0|0","1|1","0|0","0|0","0|0","0|0","1|0","0|0","0|0","0|1","0|0","1|0","0|0","0|0","0|1","0|0","0|0","0|0","0|0","0|1","0|0","0|1","0|0","0|0","0|0","0|0","0|0","0|0","0|0","0|0","0|0","0|0","0|0","0|0","1|0","0|0","0|0","0|0","0|0","0|0","0|0","0|0","0|0","0|0","0|0","0|0","0|0","0|0","0|0","0|0","0|0","0|0","0|0","0|0","0|0","0|0","1|0","0|0","0|0","0|0","0|0","0|0","0|0","0|0","0|0","0|0","0|0","0|0","0|0","0|0","0|0","0|0","0|1","0|0","0|0","0|0","0|0","0|0","0|0","0|0","0|0","0|0","0|0","0|1","0|0","0|0","0|0","0|0","1|0","0|0","0|1","0|0","0|0","0|0","0|0","0|0","0|0","0|1","0|0","0|0","0|0","0|0","1|0","0|0","0|0","0|0","0|0","0|0","0|0","0|0","1|0","0|0","0|0","0|0","0|0","0|0","0|0","1|0","0|1","0|0","0|1","0|0","0|0","0|1","0|0","0|0","0|0","0|0","0|0","0|0","0|0","0|0","0|0","0|0","0|0","0|0"
20,48150492,"rs11086243","C","T","0|0","1|1","1|1","0|0","1|1","0|0","1|1","0|1","0|0","1|0","1|1","0|0","0|1","1|0","0|0","0|0","1|1","1|1","0|0","0|0","1|0","0|0","0|1","0|0","0|1","1|0","0|1","0|0","0|1","0|1","1|0","1|1","0|1","1|0","0|1","1|1","1|0","0|0","1|1","1|1","0|0","1|0","0|1","1|1","0|1","1|1","0|1","0|0","0|0","1|0","0|1","1|1","0|1","1|1","0|0","1|1","1|1","1|0","1|0","1|0","1|0","1|1","1|0","0|0","1|0","0|0","0|0","1|0","0|1","0|1","0|1","0|1","0|0","1|0","1|1","0|0","0|1","1|0","0|1","0|1","1|1","1|0","0|1","1|1","1|1","0|1","0|1","0|0","0|0","0|1","1|0","1|1","1|1","1|1","0|0","0|0","1|1","0|0","1|1","1|0","0|1","0|0","0|1","1|1","1|1","0|1","1|0","0|0","1|1","0|0","0|0","1|0","0|0","1|1","0|1","1|0","0|0","1|1","0|1","0|1","1|0","1|1","1|0","1|0","0|0","0|1","1|0","0|0","0|1","1|0","0|0","1|0","1|0","1|0","0|0","0|1","0|1","1|1","1|0","0|0","1|0","0|0","1|0","1|0","0|1","1|0","1|0","1|1","0|0","0|0","1|1","1|1","1|1","0|0","1|0","1|1","1|1","1|0","1|0","0|0","0|0","0|1","0|1","0|0","1|1","0|1","0|0","1|1","0|1","1|0","1|1","1|0","1|0","1|0","1|1","1|0","1|0","0|0","0|0","1|0","0|0","1|0","1|1","0|0","0|1","0|1","0|1","1|0","0|0","0|0","1|0","0|1","0|0","0|0","0|0","0|1","0|0","0|1","0|1","0|0","1|0","0|0","0|0","0|1","0|0","1|0","0|1","0|0","1|0","1|0","0|0","1|0","1|1","1|1","0|0","0|1","0|0","1|1","1|1","0|0","0|1","1|1","0|1","1|1","1|1","0|0","0|1","1|1","0|0","1|0","0|1","0|1","0|1","0|0","0|0","0|1","0|1","1|0","1|0","0|0","0|1","0|1","0|1","1|0","1|1","1|0","1|1","1|0","1|0","1|1","1|1","1|1","0|0","0|0","1|0","0|1","0|1","0|0","0|1","0|0","1|1","0|0","0|1","0|0","0|1","1|1","1|1","1|0","1|0","0|0","1|1","0|0","1|1","0|0","1|0","1|1","0|0","0|0","0|0","0|1","0|0","1|1","1|1","0|1","0|0","0|0","0|0","0|0","1|0","0|1","1|0","1|1","0|0","1|0","0|0","1|0","1|0","1|1","0|0","1|0","0|0","1|1","1|0","0|1","1|1","0|1","1|0","1|0","0|0","1|1","0|1","0|0","1|1","1|1","1|0","0|0","0|1","0|1","0|1","1|0","0|1","0|1","0|0","0|0","1|0","0|1","0|0","0|1","1|1","1|0","0|0","0|1","1|0","0|0","0|0","0|0","0|0","0|0","1|0","0|1","0|0","0|1","0|1","0|0","0|0","0|0","1|1","0|0","1|0","0|0","1|0","1|0","1|1","0|0","1|1","1|1","0|0","1|1","1|0","0|0","0|0","0|0","1|0","0|0","1|1","0|1","0|0","1|0","1|0","0|1","0|0","0|1","1|1","1|0","0|1","0|0","0|0"
22,23894205,"rs755622","G","C","0|0","0|0","0|0","0|1","0|0","1|0","0|0","0|0","0|1","0|1","0|0","0|0","0|0","0|0","0|0","1|0","0|0","0|0","0|0","0|0","0|1","0|0","0|0","0|0","0|0","0|0","0|0","1|0","1|0","1|1","0|0","0|0","1|0","0|1","0|0","1|0","0|0","0|0","0|0","1|1","0|0","0|1","0|1","0|0","0|0","1|0","0|0","0|1","1|0","0|0","0|0","0|0","0|0","0|0","0|0","0|0","0|0","0|0","0|0","1|0","0|1","0|0","0|1","0|1","0|0","0|0","0|1","0|0","0|0","1|0","0|0","0|0","1|0","0|0","0|0","0|0","0|0","1|0","0|0","0|0","0|0","0|0","0|0","0|1","0|0","0|1","0|0","0|0","0|0","0|0","0|0","0|0","0|0","1|0","0|0","0|1","0|0","0|0","0|0","1|0","0|0","0|0","1|0","1|1","1|0","0|0","0|1","0|0","0|0","1|1","0|0","0|0","0|0","0|0","0|0","0|0","0|0","0|0","1|0","0|0","0|0","1|0","1|0","0|0","0|0","0|0","0|1","1|0","0|0","0|1","1|0","0|0","0|0","0|1","0|0","0|0","1|0","0|0","0|0","0|0","0|0","0|0","0|0","0|1","0|0","1|1","1|0","0|0","0|1","0|0","1|1","0|1","1|0","0|0","1|0","0|0","0|0","0|0","0|0","1|0","0|0","0|0","0|0","0|0","0|0","0|0","1|0","1|0","1|0","0|0","1|0","0|0","0|0","0|0","0|0","0|0","0|0","0|0","0|1","1|0","0|0","1|1","0|0","0|0","0|0","0|0","0|0","0|1","0|0","0|0","0|0","1|0","0|0","1|1","1|0","0|0","0|1","0|1","0|0","0|1","0|0","1|0","0|0","0|0","0|0","0|0","0|0","0|0","0|0","0|0","0|1","1|0","0|1","0|0","0|0","0|1","0|1","0|0","0|0","0|0","0|0","0|0","0|0","0|0","0|0","0|0","0|1","0|0","0|0","1|0","1|0","1|0","1|0","1|0","0|0","0|0","0|0","0|0","0|0","0|0","0|0","0|0","0|1","0|0","1|0","0|1","0|0","0|0","0|0","0|1","0|0","0|0","0|0","1|0","0|1","0|0","0|1","0|0","0|0","0|0","0|0","0|0","0|0","0|0","0|1","0|1","0|1","0|0","0|0","0|0","0|0","0|1","0|0","0|0","0|0","0|0","1|1","0|0","0|0","0|0","0|0","1|1","0|1","1|0","0|0","0|0","0|0","0|0","1|0","0|0","0|0","0|0","0|0","0|0","0|0","0|0","0|0","0|0","0|0","0|1","0|0","0|1","0|0","0|0","0|0","1|0","0|1","0|0","0|0","0|1","0|0","0|0","0|0","0|0","0|0","0|0","0|0","0|0","1|1","0|0","0|0","0|0","0|0","0|1","0|0","0|0","0|0","0|0","1|1","0|0","0|0","0|0","0|0","0|0","0|0","0|0","1|0","1|0","0|0","0|0","0|0","0|0","0|0","1|0","1|1","0|0","0|0","1|1","0|0","1|0","0|0","0|1","1|1","1|0","0|0","1|1","0|1","0|0","0|0","0|0","0|0","0|0","0|0","1|1","1|0","0|1","0|0","1|0","1|1","0|0","0|0","0|1","0|0","0|1","0|0","0|0","0|0"
22,36265860,"rs73885319","A","G","0|0","0|0","0|0","0|0","0|0","0|0","0|0","0|0","0|0","0|0","0|0","0|0","0|0","0|0","0|0","0|0","0|0","0|0","0|0","0|0","0|0","0|0","0|0","0|0","0|0","0|0","0|0","0|0","0|0","0|0","0|0","0|0","0|0","0|0","0|0","0|0","0|0","0|0","0|0","0|0","0|0","0|0","0|0","0|0","0|0","0|0","0|0","1|1","0|0","0|0","0|0","0|0","0|0","0|0","0|0","0|0","0|0","0|0","0|0","0|0","0|1","0|0","0|0","0|0","0|0","0|0","0|0","0|0","0|0","0|0","0|0","0|0","0|0","0|0","0|0","0|0","0|0","0|0","0|0","0|0","0|0","0|0","0|0","0|0","0|0","0|0","0|0","0|0","0|0","0|0","0|0","0|0","0|0","0|0","0|0","0|0","0|0","0|0","0|0","0|0","0|0","0|0","0|0","0|0","0|0","0|0","0|0","0|0","0|0","0|0","0|0","0|0","0|0","0|0","0|0","0|0","0|0","0|0","0|0","0|0","0|0","0|0","0|0","0|0","0|0","0|0","0|0","0|0","0|0","0|0","0|0","0|0","0|0","0|0","0|0","0|0","0|0","0|0","0|0","0|0","0|0","0|0","0|0","0|0","0|0","0|0","0|0","0|0","0|0","0|0","1|0","0|0","0|0","0|0","0|0","0|0","0|0","0|0","0|0","0|0","0|0","0|0","0|0","0|0","0|0","0|0","0|0","0|0","0|0","0|0","0|0","0|0","0|0","0|0","0|0","0|0","0|0","0|0","0|0","0|0","0|0","1|1","0|0","0|0","0|0","0|0","1|0","0|0","0|1","1|0","0|0","0|0","0|0","1|1","0|0","0|0","0|1","0|0","0|0","0|0","0|0","0|0","0|0","0|0","0|0","0|0","0|0","0|0","0|0","0|0","0|0","0|0","1|0","0|0","0|0","0|0","0|0","0|0","0|0","0|0","0|0","0|0","0|0","0|0","0|0","0|0","0|0","0|0","0|0","0|0","0|0","1|0","0|0","0|0","0|0","0|0","0|0","0|0","0|0","0|0","0|0","0|0","0|0","0|0","0|0","0|0","0|0","0|0","0|0","0|0","0|0","0|0","0|0","0|0","0|0","0|0","0|0","0|0","0|0","0|0","0|0","0|0","0|0","0|0","0|0","0|0","0|0","0|0","0|0","0|0","0|0","1|1","0|0","0|0","0|0","0|0","1|0","0|0","0|0","0|0","0|0","0|0","0|0","0|0","0|0","0|0","0|0","0|1","0|0","0|0","0|0","0|0","0|0","0|0","0|0","0|0","0|0","0|0","0|0","0|0","0|0","0|0","0|0","0|0","0|0","0|0","0|0","0|0","0|0","0|0","0|0","0|0","0|0","0|0","0|0","0|0","0|0","0|0","0|0","0|0","0|0","0|0","0|0","0|0","0|0","0|0","0|1","0|0","0|0","0|0","0|0","0|0","0|0","0|0","0|1","0|0","0|1","0|0","0|0","0|0","0|0","1|1","0|0","0|0","0|0","0|0","0|0","1|1","0|0","0|0","0|0","0|0","0|0","0|0","0|0","0|0","1|0","0|0","0|0","0|0","0|0","0|0","0|0","0|0","0|0","0|0","0|0","0|0","0|0","0|0","0|0","0|0","0|0","0|0","0|0","0|0","0|0"
22,36265988,"rs60910145","T","G","0|0","0|0","0|0","0|0","0|0","0|0","0|0","0|0","0|0","0|0","0|0","0|0","0|0","0|0","0|0","0|0","0|0","0|0","0|0","0|0","0|0","0|0","0|0","0|0","0|0","0|0","0|0","0|0","0|0","0|0","0|0","0|0","0|0","0|0","0|0","0|0","0|0","0|0","0|0","0|0","0|0","0|0","0|0","0|0","0|0","0|0","0|0","1|1","0|0","0|0","0|0","0|0","0|0","0|0","0|0","0|0","0|0","0|0","0|0","0|0","0|1","0|0","0|0","0|0","0|0","0|0","0|0","0|0","0|0","0|0","0|0","0|0","0|0","0|0","0|0","0|0","0|0","0|0","0|0","0|0","0|0","0|0","0|0","0|0","0|0","0|0","0|0","0|0","0|0","0|0","0|0","0|0","0|0","0|0","0|0","0|0","0|0","0|0","0|0","0|0","0|0","0|0","0|0","0|0","0|0","0|0","0|0","0|0","0|0","0|0","0|0","0|0","0|0","0|0","0|0","0|0","0|0","0|0","0|0","0|0","0|0","0|0","0|0","0|0","0|0","0|0","0|0","0|0","0|0","0|0","0|0","0|0","0|0","0|0","0|0","0|0","0|0","0|0","0|0","0|0","0|0","0|0","0|0","0|0","0|0","0|0","0|0","0|0","0|0","0|0","1|0","0|0","0|0","0|0","0|0","0|0","0|0","0|0","0|0","0|0","0|0","0|0","0|0","0|0","0|0","0|0","0|0","0|0","0|0","0|0","0|0","0|0","0|0","0|0","0|0","0|0","0|0","0|0","0|0","0|0","0|0","1|1","0|0","0|0","0|0","0|0","1|0","0|0","0|1","1|0","0|0","0|0","0|0","1|1","0|0","0|0","0|1","0|0","0|0","0|0","0|0","0|0","0|0","0|0","0|0","0|0","0|0","0|0","0|0","0|0","0|0","0|0","1|0","0|0","0|0","0|0","0|0","0|0","0|0","0|0","0|0","0|0","0|0","0|0","0|0","0|0","0|0","0|0","0|0","0|0","0|0","1|0","0|0","0|0","0|0","0|0","0|0","0|0","0|0","0|0","0|0","0|0","0|0","0|0","0|0","0|0","0|0","0|0","0|0","0|0","0|0","0|0","0|0","0|0","0|0","0|0","0|0","0|0","0|0","0|0","0|0","0|0","0|0","0|0","0|0","0|0","0|0","0|0","0|0","0|0","0|0","1|1","0|0","0|0","0|0","0|0","1|0","0|0","0|0","0|0","0|0","0|0","0|0","0|0","0|0","0|0","0|0","0|1","0|0","0|0","0|0","0|0","0|0","0|0","0|0","0|0","0|0","0|0","0|0","0|0","0|0","0|0","0|0","0|0","0|0","0|0","0|0","0|0","0|0","0|0","0|0","0|0","0|0","0|0","0|0","0|0","0|0","0|0","0|0","0|0","0|0","0|0","0|0","0|0","0|0","0|0","0|1","0|0","0|0","0|0","0|0","0|0","0|0","0|0","0|1","0|0","0|1","0|0","0|0","0|0","0|0","1|1","0|0","0|0","0|0","0|0","0|0","1|1","0|0","0|0","0|0","0|0","0|0","0|0","0|0","0|0","1|0","0|0","0|0","0|0","0|0","0|0","0|0","0|0","0|0","0|0","0|0","0|0","0|0","0|0","0|0","0|0","0|0","0|0","0|0","0|0","0|0"
